sha,date,safari-version,safari,servo-version,servo
ddb0338969cef9eff524930e62b2092f57089ca3,2024-01-01,185 preview,2144.9873712546405,Servo 0.0.1-f08ba0f,17246.877855725044
32017da5438b70bcf06057e28d695e121bcb0310,2024-01-08,185 preview,2149.0693274416417,Servo 0.0.1-c219204,17258.65199683905
9359c609fc260311dd33a1bff3c2da6e6ad2fdc7,2024-03-04,189 preview,2244.468798528144,Servo 0.0.1-50fdb82,17021.392788383484
1cee741beea79b4d6d80cc2738af5b971c87e040,2024-03-12,190 preview,2293.0486938365966,Servo 0.0.1-af3583a,16768.931151368863
2a5fc85b0613ad24f9b98dea72f9494a9a1ae9f5,2024-03-13,190 preview,2298.049133281474,Servo 0.0.1-d1fd8d5,16771.64352656455
b83bbdfc87212d5af05a3b0e0dd82c4fdf7031c1,2024-03-14,190 preview,2303.2450048411065,Servo 0.0.1-0fda142,16780.45215168933
ef526b13272a1f8358896245d44e5c1f59d12d6a,2024-03-15,190 preview,2299.2022526906267,Servo 0.0.1-f3a73db,16768.995144680146
298d1599dbf6255aea63506daaa1702ff0c4fdc5,2024-03-16,190 preview,2306.0480315343248,Servo 0.0.1-bc4f1c2,16743.977470594073
298d1599dbf6255aea63506daaa1702ff0c4fdc5,2024-03-17,190 preview,2324.0857772748227,Servo 0.0.1-8cfc6a1,16702.072364901163
7b6001a36b525fe94a64971ecc47fbb5f15b4462,2024-03-19,190 preview,2323.6441820539685,Servo 0.0.1-99ddab4,16701.884554127268
be17b15543820053c3493e570709ab5504936939,2024-03-20,190 preview,2323.1894608637845,Servo 0.0.1-228f4fb,16701.99652026113
33125ab6b58409b8216e4bf97c774a90b09ddf95,2024-03-21,190 preview,2326.8452666646476,Servo 0.0.1-0cf2cab,16677.679087017976
afef8ed9677588698ac7b2a5e608fa9ac32f4ef9,2024-03-22,190 preview,2562.3160958564554,Servo 0.0.1-2789e98,16457.71660404592
9820252a704761e8487ee98a5d523e7068104e22,2024-03-23,190 preview,2350.8492304729793,Servo 0.0.1-0b863de,16614.904194900024
9820252a704761e8487ee98a5d523e7068104e22,2024-03-24,190 preview,2351.128793965043,Servo 0.0.1-e22b61c,16617.07875893555
8c53b2ec0e6ff7171a601c1259b19577b246ec38,2024-03-26,190 preview,2350.7121272983763,Servo 0.0.1-5808157,16611.60919622232
c9e74b1951ab94eecb9b554486c3d30255d340ce,2024-03-27,190 preview,2601.912043895541,Servo 0.0.1-5808157,16366.582267234484
d6c9b797f371f92fb23681150148e9ec81a63510,2024-03-28,191 preview,2345.0582639710256,Servo 0.0.1-92b5578,16600.861139229804
57e5eb7b1a1871efbcbf34f457203e463b51a7e7,2024-03-29,191 preview,2337.55344862119,Servo 0.0.1-072b892,16601.706561526265
16f18d8135a80e89f2e910ca7548999fa2f7937e,2024-03-30,191 preview,2340.8824395199003,Servo 0.0.1-2d5a1cd,16607.997905920958
820b6449e01db26e2074e318388f480c7d6d957c,2024-03-31,191 preview,2340.4934454407417,Servo 0.0.1-92d9081,16597.01981650149
bd3b4d15f91c5b9b80295c81b890e45a44a9699a,2024-04-01,191 preview,2340.91828091402,Servo 0.0.1-fff9ef8,16593.78351556509
283b5a22e65166a6e779d7c845d625f7214909aa,2024-04-02,191 preview,2346.6805350626596,Servo 0.0.1-00c4d79,16594.19427074164
58d4f936dfa97887302643ba1669d787c50b76fa,2024-04-03,191 preview,2343.295717276204,Servo 0.0.1-da3991c,16597.4500554408
9417ab6082dc381eda5c3ef4f198c6a8cce03fe7,2024-04-04,191 preview,2348.5151424734427,Servo 0.0.1-cc082ef,16611.573967573735
cb7c664958a58f8a932dc03a540a1628913c200c,2024-04-05,191 preview,2352.0507846090845,Servo 0.0.1-1ed6b96,16620.31650821314
b73a0a32890ff293961eb55bb90ba57a5a711f48,2024-04-06,191 preview,2347.653331978532,Servo 0.0.1-f902a9f,16537.632350674743
b73a0a32890ff293961eb55bb90ba57a5a711f48,2024-04-07,191 preview,2349.1375066584274,Servo 0.0.1-1ffa61a,16542.866300984933
200bd3984e7bf2309fcd35bb41e2a3633dd711e6,2024-04-08,191 preview,2327.53010272448,Servo 0.0.1-05f1bbf,16531.448602763317
1267c0a912d444e0e76f07d23477cb2cd26ee05e,2024-04-09,191 preview,2328.544200637736,Servo 0.0.1-ddbec46,16531.131135583957
a57b6bdf00987cf820d34e268779232d1aea8709,2024-04-10,191 preview,2330.4367559149055,Servo 0.0.1-b79e2a0,16533.841673383842
fc4751b41508b9c0946c8ed193ed5d3760687bc8,2024-04-11,192 preview,2331.367917688707,Servo 0.0.1-245269c,16701.819463415293
e2b6a0217ab27012c3f18477dda3f9f8ff000592,2024-04-12,192 preview,2288.1365324904755,Servo 0.0.1-d9f067e,16703.93770776115
daa07cf3c47652ed67e637f2a39bbc34f91cfe10,2024-04-13,192 preview,2287.8918420681025,Servo 0.0.1-10ec856,16701.954225467583
daa07cf3c47652ed67e637f2a39bbc34f91cfe10,2024-04-14,192 preview,2314.292088046031,Servo 0.0.1-b74664d,16698.861016969677
c1247636413abebe66ca11a2ca3476de771c99cb,2024-04-16,192 preview,2323.387779937534,Servo 0.0.1-5083f3c,16673.620428474478
35c51ddbf46b97a34b6e6c5cb2ece486945a8f34,2024-04-17,192 preview,2324.100500163045,Servo 0.0.1-8bcb316,16679.225366324907
b6340736a1d3341df53ffa6955007ecb91e7f881,2024-04-18,192 preview,2322.8700608238946,Servo 0.0.1-6b2fa91,16674.12867141975
66fe5d470a9387e367d7c795249ed8d314bb5d37,2024-04-19,192 preview,2323.170371236996,Servo 0.0.1-5393d30,16681.657986312166
9da970663c1f0b5ba9ab4ab8d3cbdc6085bf939f,2024-04-20,192 preview,2323.089985521949,Servo 0.0.1-21ea6d2,16695.50478625452
16721f20b56afe2d23bc03af8e21431a3572c017,2024-04-21,192 preview,2323.157035444504,Servo 0.0.1-bcf538d,16696.237677600857
7d470849d6812256a4505c84b5688ccba89392a6,2024-04-22,192 preview,2320.6735530061537,Servo 0.0.1-bcf538d,16672.346267928657
43ae6cd615fad8cd6df2cade33ad48bfb9f285cb,2024-04-23,192 preview,2320.6281914947413,Servo 0.0.1-025a987,16670.670639261472
a21872ed9700126e9d059089790aaae809121ff3,2024-04-24,192 preview,2327.5237527663817,Servo 0.0.1-7ca9209,16656.856004027362
03304b662c44d39bf62fc76dfc59eac0f3f91a7b,2024-04-25,193 preview,2321.9226416552706,Servo 0.0.1-2272944,16654.50606805122
6ae7875d4162f8178de4bdce3da56887bce673e4,2024-04-26,193 preview,2323.436184419401,Servo 0.0.1-1440406,16662.82160238145
9687c4025746a35e803cd1a82c84f2a6dab2724c,2024-04-27,193 preview,2324.768399935822,Servo 0.0.1-81c4f2a,16670.96536420588
78709a81cc84279686438385b38572dd3ff44860,2024-04-28,193 preview,2324.760385158728,Servo 0.0.1-66563ed,16665.90548987783
8c6b479fae23badbb86e9c993f5b5fbb66e16905,2024-04-29,193 preview,2324.8840198772346,Servo 0.0.1-02b3dd0,16664.33772845749
4beb452219d4ae7397363f9af1ed742a5a3b278d,2024-04-30,193 preview,2324.7774484539423,Servo 0.0.1-1d6be62,16666.657027903813
72e17d23397dc0646b3da2fd23fe23b4dd36dcbe,2024-05-01,193 preview,2334.6355065894136,Servo 0.0.1-4715f64,16648.581764627706
e6fc479e68153ab3e72237a724dabbfb79802e44,2024-05-02,193 preview,2335.9832192550216,Servo 0.0.1-bccbc87,16635.966855523824
53e94aacf78b637035b0740f67e6ac17b8adc34e,2024-05-03,193 preview,2337.454370453548,Servo 0.0.1-0df79b9,16653.38044236789
5e8f71d73049d4fca2a8cbc62d40e821400f1624,2024-05-04,193 preview,2338.209358628118,Servo 0.0.1-160c7c0,16601.991852031013
536297144c737f84096d1f448e790de0fb654956,2024-05-05,193 preview,2341.189230383687,Servo 0.0.1-d297eb1,16602.92911561791
32fdd84c40b8dee1a81d968fda6a5f0a0ba7fee8,2024-05-06,193 preview,2341.557109984176,Servo 0.0.1-ff3cd14,16595.976653619167
e7c5d8babdb0b0ee53fc4240e62b85644898fbf4,2024-05-07,193 preview,2339.715452182479,Servo 0.0.1-ff3cd14,16601.593243869745
6813062aec0d15c12e292c3abbe584bf1a4cee8e,2024-05-08,193 preview,2339.278245250777,Servo 0.0.1-45f2433,16611.307860153564
61d40184e4b3d7aa0cca8c16cf3488e248c3ff04,2024-05-09,194 preview,2341.7100486373456,Servo 0.0.1-6a2e4a6,16634.483601515614
2478ccc81d380b92ff5c60d549e866cc80f1e0ab,2024-05-10,194 preview,2342.8837413700126,Servo 0.0.1-16803bc,16639.59180251343
d3dfe276ddb4138f147933d9dfa64d636a41af89,2024-05-11,194 preview,2344.7740685609792,Servo 0.0.1-b5be89a,16628.08129964494
d3dfe276ddb4138f147933d9dfa64d636a41af89,2024-05-12,194 preview,2345.768349600657,Servo 0.0.1-c2325cd,16623.872307503818
fd41fbc81f2c88f45721608aa7a97200ca402fa9,2024-05-13,194 preview,2345.6417000134925,Servo 0.0.1-2904c32,16625.843529101447
9acac680966804bdf62aae74afdbcef6020cf297,2024-05-14,194 preview,2344.2766643181935,Servo 0.0.1-3d4fd0e,16606.405400385214
53eba699dbe6d5366af14d726f42814fd86fc310,2024-05-15,194 preview,2346.9469399228497,Servo 0.0.1-1cd30c4,16645.155570545074
431f8d35685a7c4d1e128e13b63e093cef5da6ba,2024-05-16,194 preview,2344.848926367974,Servo 0.0.1-00f267e,16633.03884577217
107f2e04ac16bdb2c8d64064a61526a6aaaf551c,2024-05-17,194 preview,2345.798498946933,Servo 0.0.1-00f267e,16645.168967953778
cb53e377321267af4f5a1f05b3b851aab6fa8ede,2024-05-18,194 preview,2349.674960976124,Servo 0.0.1-903c516,16656.153934734728
cb53e377321267af4f5a1f05b3b851aab6fa8ede,2024-05-19,194 preview,2345.8186233266483,Servo 0.0.1-5cac276,16654.51062444331
fc48c21d274e7db39d8d1053ac795ce20fa392c5,2024-05-20,194 preview,2351.564330286935,Servo 0.0.1-8868c13,16655.65741520714
87b7e3bd6cd8404c97b51013fcf401e82980341e,2024-05-21,194 preview,2353.274401471393,Servo 0.0.1-b44d064,16639.235710725065
99874d7f9d7c393cc0beae06bbc069bb011aa9e6,2024-05-22,194 preview,2355.0921204227775,Servo 0.0.1-f7affae,16590.164536567467
596bc0c8c1f4687c0b22adbe4c4834e016072d8e,2024-05-23,195 preview,2365.02952096416,Servo 0.0.1-5d5ac4e,16669.276031465124
3c073b202df2c52ccd6ab4055cae72e5e24e0132,2024-05-24,195 preview,2367.8717282573757,Servo 0.0.1-6451b1a,16651.524504487115
f2cdcb7e9550e74d07ed6cf17bbcb9643aeedb99,2024-05-25,195 preview,2371.448637073308,Servo 0.0.1-fc08bd1,16626.11342838827
abcbb64783af5b776a3c5f4e13cf4d8756217830,2024-05-26,195 preview,2364.505624626043,Servo 0.0.1-373481e,16649.198386465832
a19ee99959371190fd4d937bc3c73e7b5218702e,2024-05-27,195 preview,2368.8353504557685,Servo 0.0.1-a7bf099,16621.065930833203
5acc693b4d01e1b4081dce10a94938976a452ff5,2024-05-28,195 preview,2366.546544969716,Servo 0.0.1-a7bf099,16652.79678338132
3a4fe00d3b53384d6a81e44d2216ec508142d353,2024-05-29,195 preview,2368.5881643085827,Servo 0.0.1-93785a8,16686.62942301153
302696854a153a3f476c50574aab87685f402f22,2024-05-30,195 preview,2371.096714092132,Servo 0.0.1-42061cc,16689.25734089581
8ab167e4b1c7aa77b90e3c9d7685454a7c248379,2024-05-31,195 preview,2367.2385785454626,Servo 0.0.1-c0dedf0,16638.282707776663
17375f41ccf41e081764d2786ec535dede108c47,2024-06-01,195 preview,2365.302282938491,Servo 0.0.1-d92c291,16619.022727420746
b71de6ef028f53a4dfa3648533d1ed0ecf56bd1e,2024-06-02,195 preview,2368.9397861014727,Servo 0.0.1-1f4341e,16614.536637460285
deb7c05f0634bb347b04a5406d601d0d97de5895,2024-06-03,195 preview,2370.08569562911,Servo 0.0.1-dd2de18,16637.394055868783
65ba9a606e045367bab11bbfbe8033dab14a9ecd,2024-06-04,195 preview,2340.2158790104377,Servo 0.0.1-2ca6c4b,16566.493460780483
a0ed93d67828fdd54f03b6e8f38c065a75e165b5,2024-06-05,195 preview,2339.022466150329,Servo 0.0.1-e73cf03,16580.767792180697
0b8139b52333906c42a7859ef872d5bc95820147,2024-06-06,196 preview,2334.453035762717,Servo 0.0.1-5f538b8,16595.516254771792
be8e91ef743dfe1b85559d14ca8fa6f6b97f9974,2024-06-07,196 preview,2339.6112809083274,Servo 0.0.1-5f538b8,16506.495520972232
2bd26e124cf17b2f0a25c150794d640b07b2a870,2024-06-08,196 preview,2343.1798846782885,Servo 0.0.1-5f538b8,16608.036859010295
68dec4ccf5a60e0a13c1d32e140cfd908ab2ade8,2024-06-09,196 preview,2345.5772093618557,Servo 0.0.1-b178a2b,16508.970086949248
5a861db0cd97b7262862bd525ac69382192e915d,2024-06-10,196 preview,2344.22224102241,Servo 0.0.1-b178a2b,16577.097440358506
56e2975fe76bcf4d291b56c05e8467c4209bb2dd,2024-06-11,196 preview,2343.6005496060866,Servo 0.0.1-855f320,16586.68638845593
d4d5b48c9ed5688af27783d21a905f62cf4847c5,2024-06-12,196 preview,2356.1570897234983,Servo 0.0.1-9805779,16545.431363088297
509878e99681c8cc073bfa611c5c1cf3a5097bd1,2024-06-13,196 preview,2340.1763354511345,Servo 0.0.1-b4e41d8,16546.59866922863
ce4e40eabeee7938b677fcaa7b767b1b6ff47088,2024-06-14,196 preview,2353.6433506292556,Servo 0.0.1-0a64181,16524.88919562874
3334c5af355473a7416266b978198d4c586f0cfd,2024-06-15,196 preview,2348.867299394296,Servo 0.0.1-bae9f6d,16507.69280912164
3334c5af355473a7416266b978198d4c586f0cfd,2024-06-16,196 preview,2348.2358939960773,Servo 0.0.1-8eed3b4,16511.0284946947
a6e20ecda27cb5dd2545a4355959b01189ac4439,2024-06-17,196 preview,2342.249197402447,Servo 0.0.1-7982f0d,16568.91468619375
19cd59dfdce7392d6d6cffbfd84825207d648c39,2024-06-18,196 preview,2349.6024653700374,Servo 0.0.1-8b35c40,16581.16605191526
fc1acb8240ce28e2ae4fe7929704da20fa0e0a0d,2024-06-19,196 preview,2359.177041522868,Servo 0.0.1-79cd87a,16585.00109804314
fc1acb8240ce28e2ae4fe7929704da20fa0e0a0d,2024-06-20,196 preview,2355.785122330949,Servo 0.0.1-24906e1,16589.430627992566
91d4a051690ecd975b4c00169019d3fd69de6265,2024-06-21,196 preview,2356.1329758663023,Servo 0.0.1-256c55e,16594.306989922996
4eecf048519881313cf12a5bd3cd0a99b6c57fb3,2024-06-22,196 preview,2348.644447539412,Servo 0.0.1-44064b1,16593.37538324432
4eecf048519881313cf12a5bd3cd0a99b6c57fb3,2024-06-23,196 preview,2352.837888265847,Servo 0.0.1-130eef3,16589.558140049554
8b16a577012afd19e6f1de90b4f568c1db0cdd54,2024-06-24,196 preview,2357.702193735434,Servo 0.0.1-130eef3,16592.026034622442
686ecdb38f3427ba98c54324dd526a8d62559b7f,2024-06-25,197 preview,2484.576247429088,Servo 0.0.1-8121c98,16473.976986001766
686ecdb38f3427ba98c54324dd526a8d62559b7f,2024-06-26,197 preview,2486.979530257371,Servo 0.0.1-6738902,16475.169459957346
b2dab79f18a8a7fb8aa4b2e6777218d90a0bf207,2024-06-28,197 preview,2361.282551578155,Servo 0.0.1-574a22a,16924.04660134492
b2dab79f18a8a7fb8aa4b2e6777218d90a0bf207,2024-06-29,197 preview,2360.764250142748,Servo 0.0.1-fced0b4,16888.48787207918
12e2b0119b769644c621b10bb953d4d47f299850,2024-07-01,197 preview,2361.2495573780193,Servo 0.0.1-3a0f564,16926.199828303997
12e2b0119b769644c621b10bb953d4d47f299850,2024-07-02,197 preview,2364.218036015757,Servo 0.0.1-e2e7476,16923.53782547441
313fd03a0bd414fe8bde4773e3a318622823a43f,2024-07-03,197 preview,2366.0438269426277,Servo 0.0.1-ad01342,16926.065134186007
61a0206ad33abc50ef12f4f4b5d6cd907dee1ee7,2024-07-04,198 preview,2367.143213729407,Servo 0.0.1-fe58a5f,16923.17197479705
9394d476f8117f37f2f155c442e30d83dc87c3a0,2024-07-05,198 preview,2363.1090371878504,Servo 0.0.1-650af7d,16891.18316342003
9394d476f8117f37f2f155c442e30d83dc87c3a0,2024-07-06,198 preview,2364.4513044996497,Servo 0.0.1-7eac599,16900.67130984671
f3dd9cba239a9655951ee62ec4dafc8fe37df2c5,2024-07-13,198 preview,2142.0393401140227,Servo 0.0.1-b206a0f,16864.562152329327
f3dd9cba239a9655951ee62ec4dafc8fe37df2c5,2024-07-14,198 preview,2139.0088418859636,Servo 0.0.1-d667b79,16858.725869253532
e3fa10bdf8bc1786caaa2f075156fa6d19bd1ee4,2024-07-16,198 preview,2143.254288278646,Servo 0.0.1-968474a,16864.034548333297
0a9f33446296f2e3d5739e4b386e89e82dbc0fd3,2024-07-17,198 preview,2139.988475873384,Servo 0.0.1-d5171c0,16873.158116221584
1054674789d65e2d256a80448dcf7757e0d7fddb,2024-07-18,199 preview,2146.9110988274,Servo 0.0.1-bc1bf82,16876.360810249607
27c8d234ee83a4b15f36ad10cc26c951b1782fb6,2024-07-19,199 preview,2152.4698798625554,Servo 0.0.1-34eed29,16772.929411789413
6c3f1688a83ae659d4c6d1b5008b51bba6093f27,2024-07-20,199 preview,2151.0597427236926,Servo 0.0.1-8b3c9b7,16764.635738954123
6c3f1688a83ae659d4c6d1b5008b51bba6093f27,2024-07-21,199 preview,2150.241118176585,Servo 0.0.1-a29e5c8,16767.874446312042
bd65bb46410dd6ea3319e3688a5248a0a7d06960,2024-07-23,199 preview,2151.582823198497,Servo 0.0.1-f6dc35f,16776.599933394777
c6521a13edb77582a72593e7215c8a61f398c9c4,2024-07-24,199 preview,2157.271045127694,Servo 0.0.1-2a31e62,16768.28164994808
25d35432a3590088ff1042f96f4d879dc3ba4ea3,2024-07-25,199 preview,2150.986365429026,Servo 0.0.1-b6652f8,16753.964509902697
25d35432a3590088ff1042f96f4d879dc3ba4ea3,2024-07-26,199 preview,2152.487903504128,Servo 0.0.1-450aebc,16738.64767590265
ad7e196b122827421b84dca83cda6d69e64eef41,2024-07-27,199 preview,2162.6767232368998,Servo 0.0.1-bc1c71b,16744.018925935306
ad7e196b122827421b84dca83cda6d69e64eef41,2024-07-28,199 preview,2161.73361356879,Servo 0.0.1-9f151fa,16738.67028550241
1eaddc37a55977200ae3f983eafc1cfcb121235e,2024-08-03,200 preview,2169.0533169769274,Servo 0.0.1-5963695,16734.503602753684
1eaddc37a55977200ae3f983eafc1cfcb121235e,2024-08-04,200 preview,2168.695783384849,Servo 0.0.1-1e510e8,16730.49810123868
c4e3d193ad0d0e708ad2f252a245c368df098c6e,2024-08-13,200 preview,2161.8517978310465,Servo 0.0.1-5520a9e,16752.285219611793
c4e3d193ad0d0e708ad2f252a245c368df098c6e,2024-08-14,200 preview,2162.986512465224,Servo 0.0.1-4744deb,16760.568599832994
053a9a2f4393081cbed7c14899d64cd019f06c69,2024-08-15,201 preview,2156.983801958294,Servo 0.0.1-3aef023,16757.158781964867
8202132c840612f77f41ade1aafc1820e449121f,2024-08-16,201 preview,2160.496569131809,Servo 0.0.1-a6638c1,16773.942007259513
e0e775f590a623acc2c39ffe84de02ab37b4eab4,2024-08-17,201 preview,2159.8002981874733,Servo 0.0.1-4cc1b68,16768.309548722227
f5a4e7741325c53071b73486a95284fc5d026805,2024-08-18,201 preview,2164.338079008295,Servo 0.0.1-20273b0,16764.22506696939
2668e1dc63662cedf993faccf782246849ab468a,2024-08-19,201 preview,2164.4326101023953,Servo 0.0.1-db31231,16770.916707388013
c74037d4d1a52e8cabf57e6c60300e3fc4cc5170,2024-08-20,201 preview,2163.4690448172687,Servo 0.0.1-e078353,16764.47933071013
2fd0573aaf9f954bd96a001c2b2030b20802a126,2024-08-21,201 preview,2176.9045208564153,Servo 0.0.1-91adf39,16753.752758699116
addadd11710a5a481a10aa7cb4aa4da3fb20192c,2024-08-22,201 preview,2168.457629093557,Servo 0.0.1-8e224cb,16764.497590755553
536c5951f70d77c0be08552be6bd5bbc2a082e5c,2024-08-23,201 preview,2177.5093876067594,Servo 0.0.1-562d32c,16670.574843327475
df792a271d4460b221d76f861f86acf170d657df,2024-08-24,201 preview,2161.200392246235,Servo 0.0.1-e956b53,16671.178777493307
d988aeeb33edc4d452899921799b8bed69fff65d,2024-08-25,201 preview,18,Servo 0.0.1-2db9032,17901.58257292385
525a9409c8f6d8fb5b58d39d1e592523b4bf0a13,2024-08-27,201 preview,18,Servo 0.0.1-c028b5c,17904.275569967456
96c2cfccc7372a71f5c56b17b0aca74a960b8a00,2024-08-28,201 preview,18,Servo 0.0.1-ba4e081,17911.290090169477
1dd17937e346366e5e771c039e2a5feb815d6530,2024-08-29,202 preview,17,Servo 0.0.1-6de7848,18060.68397734955
5e20ba45fc6d6d593e3988b98e901e73597a2589,2024-08-30,202 preview,17,Servo 0.0.1-c69acd1,18069.30881399308
5d8ec746ed021738e7ee0cee92ad1a1814ba00fe,2024-08-31,202 preview,2160.2817052650717,Servo 0.0.1-13cbcf6,16238.949174683014
04c1ea99877bad31a359ab7a5f681431d5f48a98,2024-09-01,202 preview,2163.872476801192,Servo 0.0.1-3acc9ed,16207.897605473601
04c1ea99877bad31a359ab7a5f681431d5f48a98,2024-09-02,202 preview,2166.106440426665,Servo 0.0.1-3453d9f,16210.019350095814
e7c680f357018c91127294a0f03eb74349e92c19,2024-09-03,202 preview,2164.246343719238,Servo 0.0.1-35ca050,16217.691756541039
3fed65b68731adff5b419980ad6c02bf83159252,2024-09-04,202 preview,2165.3685126630544,Servo 0.0.1-6c0394b,16220.162953201661
07459795d00ebbaca4f60ea8f80034049d079dcc,2024-09-05,202 preview,2160.25999145343,Servo 0.0.1-6c0394b,16224.484815080488
10774e033551576eb914032e79ffbae7c492020c,2024-09-06,202 preview,2163.485743933252,Servo 0.0.1-75c7712,16209.561508442363
868541df96894653a8037568e2137a8481e676a5,2024-09-07,202 preview,2166.280203422731,Servo 0.0.1-ebed921,16211.91607606398
ec9b870fec350e59e9db48ae2858e914a07f38d6,2024-09-08,202 preview,2169.5753314909584,Servo 0.0.1-152e620,16203.823391735954
b59254693ac30adf72b4aabf4466a7fb3aeb9f45,2024-09-11,203 preview,2157.3282495729813,Servo 0.0.1-f1ad364,16249.008380971367
31dd6f489c534fc69ea44eb9564499d22ce46dcb,2024-09-12,203 preview,2142.960637096543,Servo 0.0.1-095590e,16295.940138583346
d536d5f30c0f5abe0d290ef3c641b5124e17ef5f,2024-09-13,203 preview,2152.5841341749065,Servo 0.0.1-6377706,16241.700133207689
bca18ba37931f1f27d20c156d07c01756dfebea1,2024-09-14,203 preview,2156.7973878242574,Servo 0.0.1-03abf77,16231.551322601335
4c3d068f942231dc905ea283e4f82bd70801c37c,2024-09-15,203 preview,2156.2115605336717,Servo 0.0.1-6a3cdc4,16195.525156348367
9141760bc25f019780cf1f08a0342fe6d2a906e3,2024-09-16,203 preview,2163.11970085896,Servo 0.0.1-9f2306f,16191.531233587992
012abf6e89146a71fa936a18b8dfb91593ecb4d8,2024-09-17,203 preview,2154.3424149650978,Servo 0.0.1-9f2306f,16200.711794914629
17a5786b78d61758cece73aac30ce2ea5909f163,2024-09-18,203 preview,2165.7319732445253,Servo 0.0.1-f8e0fde,16189.618914883702
07506cf82b434714b00cc111bfca12ab566b0dcc,2024-09-19,203 preview,2165.155684815371,Servo 0.0.1-7eda58e,16184.498537461739
9310d59399827c437fdaf0d05683cbe6da87fce1,2024-09-20,203 preview,2167.2161563724667,Servo 0.0.1-05b2aa2,16157.228429237493
5a2cfec4558912fd7896472593d420054ae967ff,2024-09-21,203 preview,2162.896978740875,Servo 0.0.1-457d37d,16150.075028372448
8e164c249d2b93a4234a2710a5e2cc5a16fab499,2024-09-22,203 preview,2164.885269150431,Servo 0.0.1-24ad2a0,16137.69337392433
3f9ec610f6b2083ebad38b650a319fd8b7a7358e,2024-09-23,203 preview,2165.451528229362,Servo 0.0.1-24ad2a0,16138.964131076455
4f0be15407bc43827edcdda8bc1b30a3875c9447,2024-09-24,203 preview,2164.46192213222,Servo 0.0.1-d3d6a22,16142.129965517526
3429377ba53e50438ea77330ce257e5e78eca655,2024-09-26,203 preview,2169.0745306629447,Servo 0.0.1-2c6d9a1,16145.582228572046
fdd3587c9fd8eed7227b132a54d0ddd3af847fab,2024-09-27,203 preview,2179.8544805393785,Servo 0.0.1-a97afeb,16145.222239479399
04fb62421b1c8d98ffe29fa94e3377fe264cea51,2024-09-28,203 preview,2170.533231829991,Servo 0.0.1-fa05214,16142.51562343066
03c258eab4bb0dc037d0b3822049cada69a49427,2024-09-29,203 preview,2175.4477421130664,Servo 0.0.1-c1931ee,16136.135643511796
8642514c317a1e385365106b9da5e69753720aa0,2024-09-30,203 preview,2174.1456928420753,Servo 0.0.1-c1931ee,16131.096613172866
a1f4bbf4c6e1a9a861a145a34cd097ea260b5a49,2024-10-02,204 preview,2174.055928613567,Servo 0.0.1-022a95a,16136.736095228045
1796ea251db6499e4d41755b412feaea495f2455,2024-10-03,204 preview,2171.9763612081338,Servo 0.0.1-e534c7d,16134.060642617736
38d6fa72d1bf19674be99ff5ee97b94a1835b2f6,2024-10-04,204 preview,2177.200416139389,Servo 0.0.1-c7a4e4f,16137.45234052805
9448ab31f11e671a8b069e3407b4f6279bea698e,2024-10-05,204 preview,2168.517483027096,Servo 0.0.1-e1eca71,16149.842026052816
11c69780a675c377b5bb81ed4e862a31ff2d2111,2024-10-06,204 preview,2171.686003808203,Servo 0.0.1-20eb927,16161.592751327511
290c27a84c2e630458687e757555dfe88b0cefc0,2024-10-07,204 preview,2175.076068885682,Servo 0.0.1-20eb927,16149.657512232834
12caf1f93825afd47b4ba63a12865763a98602cb,2024-10-08,205 preview,2166.807839881185,Servo 0.0.1-f8933a5,16141.930554266764
cce6f2d13f19d5070fff838949f2bdb0f7ec3932,2024-10-09,205 preview,2179.822987047057,Servo 0.0.1-d200557,16151.975527405104
481d2016333ec23268b2cca30ea11e9bcb5a53af,2024-10-10,205 preview,2179.5319626770006,Servo 0.0.1-a2b2701,16171.178796829627
b330bd718452c3dc9b7f6826ba62d51bf81d5f4d,2024-10-11,205 preview,2182.0887807538793,Servo 0.0.1-0c47201,16166.773649677849
c7076ab2397dd3dcf0bb93dc304d05be04cd2a47,2024-10-12,205 preview,2182.1826928104188,Servo 0.0.1-febe7de,16169.732799419726
c7076ab2397dd3dcf0bb93dc304d05be04cd2a47,2024-10-13,205 preview,2178.707427006806,Servo 0.0.1-e5e1ef9,16171.387428737795
197712a533b02ff567a22807cda5099f7b4a50db,2024-10-14,205 preview,2178.717373845102,Servo 0.0.1-e5e1ef9,16176.060140068284
617a623d0073e23384795a85f18ba921bf27f361,2024-10-15,205 preview,2181.9874820568484,Servo 0.0.1-717baff,16093.664591549441
b8538c8c1cd7e6b5b7e42a618119b69b6521a17b,2024-10-16,205 preview,2177.8159834160974,Servo 0.0.1-2f1862a,16095.204534970862
fd7ce98532ea22d4d23ee0167f8302d714cb0a69,2024-10-17,205 preview,2184.36651938851,Servo 0.0.1-ed959d7,16088.336985335114
c7805fef3ca1b6e840fb57315be2edf4a271c853,2024-10-18,205 preview,2141.5436495425197,Servo 0.0.1-fc56926,16111.181491349911
0da8f0ae47bdc770d6a93f546f6cbecb97b64522,2024-10-19,205 preview,2168.2241980860476,Servo 0.0.1-41fd39a,16150.340117743634
0da8f0ae47bdc770d6a93f546f6cbecb97b64522,2024-10-20,205 preview,2166.6853282140896,Servo 0.0.1-a008b6f,16148.424864060815
2f200e8682867cad45d67e6b78101f77308e055b,2024-10-22,205 preview,2170.8093403578596,Servo 0.0.1-4d11b2d,16151.838711366618
6ff29a3d77eb2deaa5865769d272cacde7000b37,2024-10-23,206 preview,2161.485293004487,Servo 0.0.1-ebfea9b,16146.968884366717
7d09f3cb7de2a602b8b60fff0f94af7d4acfeb71,2024-10-24,206 preview,2165.8767233624526,Servo 0.0.1-6fdd5ce,16114.254996547916
8be9ad55c941b65de8bc725fdc72eabca737ba43,2024-10-25,206 preview,2166.4369427227575,Servo 0.0.1-d74b078,16112.184194125648
73d6bd0d61f0ad5341d0c2303a7638e3aa12a594,2024-10-26,206 preview,2164.4908583762017,Servo 0.0.1-f05f1b3,16115.899976381128
73d6bd0d61f0ad5341d0c2303a7638e3aa12a594,2024-10-27,206 preview,2165.5375419142015,Servo 0.0.1-f05f1b3,16113.734690515852
3d208e3f47d482e9d35cb77b07985a7f66f51aee,2024-10-29,206 preview,2167.9270447386375,Servo 0.0.1-10aa485,16121.259591572541
391ad9eec76213c6c236894fb7228cba7f9adb9e,2024-10-30,206 preview,2167.5081283690597,Servo 0.0.1-a501572,16112.982135177243
a5e3771520b0889fbd1bb654be9d8940fde3f3a5,2024-10-31,206 preview,565.0943082047388,Servo 0.0.1-bac1101,27664.115612558475
2576bbd0ae937a05a2395f8ccfa50e8f4b0767c6,2024-11-01,206 preview,2177.306669348138,Servo 0.0.1-62c7951,16094.383289100218
d2f2efe271ae2fa661c52ed2fe8564e21ad4036f,2024-11-02,206 preview,2175.423121097695,Servo 0.0.1-0d7fa75,15979.739149761239
a396ad103b076a2df5e5f7c57f95986a45c961be,2024-11-03,206 preview,2177.747421923558,Servo 0.0.1-a3fda38,15991.733503697658
5188826c62ed6dfe4dbe85390dd67f41e253f7e7,2024-11-04,206 preview,2173.6468604755987,Servo 0.0.1-b22c077,15990.326282680819
40792a63207a5478a7046d3e49e8c67d6a4f150e,2024-11-05,206 preview,2173.059033750304,Servo 0.0.1-5d1d3d6,15989.725547084408
eb02ec4fb139eee2d9360e6285a7561954f72198,2024-11-06,206 preview,2181.6919378868574,Servo 0.0.1-537958a,15983.570801426467
89e71d4bb310559e0084f690b9999c3d7ffaf9dd,2024-11-07,206 preview,2188.3624285073483,Servo 0.0.1-756c249,15968.193351451047
af915520cc0da850f5031cdfb5172657ab7091a4,2024-11-08,207 preview,2177.6038742978985,Servo 0.0.1-48d193c,15982.963239258583
8686b7a6d288d3b2c22b5ddb5a21773619b22b85,2024-11-09,207 preview,2179.597024669241,Servo 0.0.1-4f6283d,15986.477627612298
b6fb1078b99e2afb42f587d06712b1901e303a5f,2024-11-10,207 preview,2203.5754030239777,Servo 0.0.1-da462d0,15838.01617403284
a92e8f7fb926fb7878c5740c3ff69c6ddf977fae,2024-11-11,207 preview,2197.966316769663,Servo 0.0.1-dcb9058,15826.42017970515
b6027abc9fb7e6d12b0d7451458035a5fb6335a9,2024-11-12,207 preview,2200.48987062787,Servo 0.0.1-72971bd,15846.413137210737
45e1371904db3be1600b6ba40fbcb1fac07daf64,2024-11-13,207 preview,2197.7219802373484,Servo 0.0.1-8801698,15847.028999765296
8c083dd5f5cf5801b2ae298bec62fc55e9226d74,2024-11-14,207 preview,2202.447634269869,Servo 0.0.1-5e7664b,15838.741431857135
a6ab90e6d1652a7d2280796961a802c259027834,2024-11-15,207 preview,2197.926449760062,Servo 0.0.1-3fd1a22,15840.64109964269
6cf69a4f431581e9438681abc776029308ee8a8c,2024-11-16,207 preview,2203.607213685494,Servo 0.0.1-495cceb,15832.02894282156
577bbc90555b690f61071a2a42853d14c98c3b25,2024-11-17,207 preview,2200.1211380525006,Servo 0.0.1-ee63174,15833.370218237596
50f7c0548260cdc2f11bface1816a283f9314de8,2024-11-18,207 preview,2201.080163733812,Servo 0.0.1-dca33f6,15808.38763579221
40b6a2c1c88390e6714d947104eb0af838dd7a45,2024-11-19,207 preview,2200.1904124094863,Servo 0.0.1-f71f38b,15824.1990887432
0829f93529cfbcaa67aca756c274d7e96470454b,2024-11-20,207 preview,2209.5483317679636,Servo 0.0.1-caf2467,15804.439417900829
53c06dc624d2e8ed7c2de69710183a5fc0e6c9b1,2024-11-21,208 preview,2204.8787919389174,Servo 0.0.1-c73e4ba,15853.494812554212
0dc40f3d3ace0a410062d45eaf74e210c3389b37,2024-11-22,208 preview,2205.1435710561655,Servo 0.0.1-527e2d4,15867.464522165217
6d461cc41e1a9951e1991a94f651e389b0ca24ba,2024-11-23,208 preview,2206.3586183475295,Servo 0.0.1-67012a5,15846.829289801695
6d461cc41e1a9951e1991a94f651e389b0ca24ba,2024-11-24,208 preview,2208.987671404634,Servo 0.0.1-9542466,15854.770565879147
d6ea893fddc33c9215d0a1c9b06066ff6a4d1bba,2024-11-26,208 preview,2208.5924016694416,Servo 0.0.1-c11e0e8,15850.918324789956
2d5d222739fdf91743f8cbc58094976a613194e7,2024-11-27,208 preview,2206.4717327601848,Servo 0.0.1-63793cc,15848.96611131112
b2318a06d394ec2a11f6453be1e19be03bee1b86,2024-11-28,208 preview,2216.769835860311,Servo 0.0.1-d65a2e9,15845.621346763308
55e8b8dd02d79275a563e05bc346e2db0e00416e,2024-11-29,208 preview,2216.1033893796102,Servo 0.0.1-9168375,15855.206082571076
76dfa54e5df7f8cee7501cc6d598cf647c2b8564,2024-11-30,208 preview,2216.93724561553,Servo 0.0.1-16da1c2,15839.090309231009
76dfa54e5df7f8cee7501cc6d598cf647c2b8564,2024-12-01,208 preview,2215.212391567806,Servo 0.0.1-096439b,15839.52273850876
880b6a91af3eb5b9c0aeae980151f71ecb26ce66,2024-12-03,208 preview,2209.2274631216837,Servo 0.0.1-e9c7c04,15846.40952410289
e96c4c3d5c6510202598f558ea520b80f9507b31,2024-12-04,208 preview,2215.196555095284,Servo 0.0.1-ad448da,15863.954805093152
19ed6d1ca2b1b4b92111c78bd1a6327e679fbeed,2024-12-05,209 preview,2214.6415975998602,Servo 0.0.1-9028c8c,15869.640578651366
39478875ddb0faa483ecf97c7247c8f9e3c08590,2024-12-06,209 preview,2214.5224446052475,Servo 0.0.1-97f486a,15884.124781565446
7b6f075f0ec3c52d92c61fb9f35ce0ec927b17b2,2024-12-07,209 preview,2219.8057439161475,Servo 0.0.1-61ca2dd,15876.641391305493
bf4c6fa4c493fdeee3be4cfc3f593889e80b1288,2024-12-10,209 preview,2217.492244178521,Servo 0.0.1-af8f35f,15872.554272331392
92db8211bacc6ccb33f5b3aa86f12ddd1cbb2283,2024-12-11,209 preview,2223.392837435101,Servo 0.0.1-2f64dde,15880.435976566554
26b18ca2ebabc7e74d3b84c82542187cddbc29ed,2024-12-12,209 preview,2212.6967400420617,Servo 0.0.1-2f64dde,15908.022196127236
0c1d19546fd4873bb9f4147f0bbf868e7b4f91b7,2024-12-13,209 preview,2213.2839261619465,Servo 0.0.1-84c59e0,15869.328712222585
4fffa230467fed1d8eb99e9471db778832c07713,2024-12-14,209 preview,2212.3546664308874,Servo 0.0.1-53612da,15873.923774804587
38623a53d6598cb7aab4be8a810102b352a652df,2024-12-15,209 preview,2212.3101690234353,Servo 0.0.1-41030ea,15875.590460455222
5f2cf7dbb1a8d601b4aa4492aac86de4ff16469c,2024-12-17,209 preview,2215.5468495016503,Servo 0.0.1-a37a9f6,15884.490542956697
87fa63514d61ba0aa4c3be23cacac43be48e5806,2024-12-19,210 preview,2215.428347423548,Servo 0.0.1-4ddcba2,15981.915510957515
2331838b392c5802a97e5623769e0ad0b7b7102f,2024-12-20,210 preview,2216.39301686163,Servo 0.0.1-4ddcba2,15984.079723560768
979291d49c1a8e3d811df117d9e6b5d399a6deb2,2024-12-21,210 preview,2215.8715605306156,Servo 0.0.1-61bfd2f,15965.284024351211
099359fe62179c0ba7bf2c01d39943e26288f1c5,2024-12-22,210 preview,2220.8190502008506,Servo 0.0.1-1d5aac8,15983.305723516158
369ee94f8a52ad0a25cf451aedd1332cd4f65e7e,2024-12-23,210 preview,2224.146553640563,Servo 0.0.1-1157fa2,15986.175344856129
cd05c6634344c87edb9f6aa9289648d0d49f7e99,2024-12-24,210 preview,2218.8335393887332,Servo 0.0.1-2ab66ce,15993.62605959643
e8ba63bc89b804dda46d77a70bd81ec349248138,2024-12-25,210 preview,2220.6706771448257,Servo 0.0.1-3a89163,15994.368520641536
8dec23b17f1ca6b3e9cf721d0676ac9f7bc94121,2024-12-26,210 preview,2218.2431676259935,Servo 0.0.1-1e95712,15986.877970182928
fe43457ae07199d52561d26b6a7f0d461d92d8c8,2024-12-27,210 preview,2222.4374031675106,Servo 0.0.1-5f927a2,15988.877785361348
8fcb1f1e9519117f68699b8257c6b79d0f6e70e8,2024-12-28,210 preview,2223.122274911264,Servo 0.0.1-08a3e61,15980.737856032849
8fcb1f1e9519117f68699b8257c6b79d0f6e70e8,2024-12-29,210 preview,2224.146178420036,Servo 0.0.1-a9539d8,15980.981358675208
0669ef6dc697a069926084ea2031213e9864a39a,2024-12-31,210 preview,2222.8640929981475,Servo 0.0.1-1296c71,15979.495902090677
