sha,date,chrome-version,chrome,servo-version,servo
ddb0338969cef9eff524930e62b2092f57089ca3,2024-01-01,122.0.6182.0 dev,1042.5288050034105,Servo 0.0.1-f08ba0f,22443.522460488355
7c6e57968932c49879182ae0fbbe1a949484ccee,2024-01-08,122.0.6226.2 dev,1038.815494510825,Servo 0.0.1-c219204,22492.809464198846
0e6b5f34dd14802b51ba7587d4e32c818ac84101,2024-03-04,124.0.6338.0,1065.1407793442402,Servo 0.0.1-50fdb82,22248.852915850523
debf701f5a607a5138ed08adcc533c0ed0ce1a83,2024-03-11,124.0.6352.1,1049.958765334474,Servo 0.0.1-9dff1fe,22045.997952769587
fe171e2303895261ce353a580d39787894220aec,2024-03-12,124.0.6354.0,1049.7548797263055,Servo 0.0.1-af3583a,22048.37450935427
2a5fc85b0613ad24f9b98dea72f9494a9a1ae9f5,2024-03-13,124.0.6356.0,1055.3638072192923,Servo 0.0.1-d1fd8d5,22031.339849197364
f1adc2b2b78766d0dda7c2aae82e2e6fbc2b8b99,2024-03-14,124.0.6358.0,1052.5258854193798,Servo 0.0.1-0fda142,22040.770077102297
ddf5b1d83d7bd893030f1761af17deab9d9881c1,2024-03-15,124.0.6360.0,1051.9694060568554,Servo 0.0.1-f3a73db,21978.42881458804
2e2393b64365757d0814f7d4c31b1934f0b7516e,2024-03-16,124.0.6361.0,1051.0001682879372,Servo 0.0.1-bc4f1c2,22032.559257854184
2e2393b64365757d0814f7d4c31b1934f0b7516e,2024-03-17,124.0.6361.0,1058.887914028435,Servo 0.0.1-8cfc6a1,21980.14623360924
9b7f6daa78fbbe7a25948bf52e5b75d92b706567,2024-03-19,124.0.6367.0,1067.6915786303173,Servo 0.0.1-99ddab4,21956.791759161788
e690f9cd2ee2d2d70e7a812d069b974aace5ef23,2024-03-20,125.0.6369.0,1071.019379777717,Servo 0.0.1-228f4fb,21971.43781348826
88149528a94fdf769c29e129f8979859e39c339c,2024-03-21,125.0.6371.0,1073.0364481720815,Servo 0.0.1-0cf2cab,21941.577407405766
aab5ae6d81b0bd2b2ad3a9553de9d3da2f2bf675,2024-03-22,125.0.6373.0,1080.485970178524,Servo 0.0.1-2789e98,21973.918909274802
6013998d51498bea785fbf3d79ae10f06bb9c84e,2024-03-23,125.0.6374.0,1091.5920505799206,Servo 0.0.1-0b863de,21979.767384421575
6013998d51498bea785fbf3d79ae10f06bb9c84e,2024-03-24,125.0.6374.0,1092.5994391775614,Servo 0.0.1-e22b61c,21984.005721275094
685a2abda4b932365a08c6c8e2ef17b9f30dc442,2024-03-26,125.0.6379.3,1090.4649288024377,Servo 0.0.1-5808157,22028.30326934996
acabb88c580459224955c8c0fa0bddd6fd701f30,2024-03-27,125.0.6383.0,1090.9233839132537,Servo 0.0.1-5808157,21996.53574969447
6a072aeb9fcbaa56cab5e168cba7b706268c4d05,2024-03-28,125.0.6385.0,1084.3669184826547,Servo 0.0.1-92b5578,21979.213351788734
f8ae9c745b6250265ab2a83b093d9a151091c3d0,2024-03-29,125.0.6387.0,1081.9076159889053,Servo 0.0.1-072b892,21992.87397110286
16f18d8135a80e89f2e910ca7548999fa2f7937e,2024-03-30,125.0.6388.0,1076.1486161386165,Servo 0.0.1-2d5a1cd,21973.30811428261
820b6449e01db26e2074e318388f480c7d6d957c,2024-03-31,125.0.6389.0,1079.0138104307634,Servo 0.0.1-92d9081,21965.350043148675
3602a64862023f9a863fb0ec0f8f6f47834d8c6e,2024-04-01,125.0.6392.0,1077.9310351070778,Servo 0.0.1-fff9ef8,21996.752728371644
7b53a7e5c36c83728d6a7dc6ca0c39093f5f3cb3,2024-04-02,125.0.6395.0,1085.359009000356,Servo 0.0.1-00c4d79,21977.94644868738
4eb1146e69a52f0c98b68bf1ab051730b1c2b03d,2024-04-03,125.0.6397.0,1085.2875301265592,Servo 0.0.1-da3991c,21973.564049707904
fb0918ddcfa6cb7d76f37b8801350a0e941d3017,2024-04-04,125.0.6399.0,1085.3802517835813,Servo 0.0.1-cc082ef,22009.713534015347
e733e65472186b2067abe92088c26a62d2332b06,2024-04-05,125.0.6401.0,1089.4239231503313,Servo 0.0.1-1ed6b96,22025.213217623692
b73a0a32890ff293961eb55bb90ba57a5a711f48,2024-04-06,125.0.6402.0,1090.2647974915665,Servo 0.0.1-f902a9f,21970.773392448267
874514c9bbfd4ddb7fb0df437f533c27d9a72649,2024-04-07,125.0.6405.0,1088.213750407425,Servo 0.0.1-1ffa61a,21982.94414928724
4efc21ca79825ef2538c2dd703dfd57d91559a7f,2024-04-08,125.0.6406.0,1085.547455558378,Servo 0.0.1-05f1bbf,21943.68104931721
4efc21ca79825ef2538c2dd703dfd57d91559a7f,2024-04-09,125.0.6406.0,1086.3687465965036,Servo 0.0.1-ddbec46,21957.703763497782
321b4a774e2a8a10d7884bbc57cb9cc101140579,2024-04-10,125.0.6411.3,1089.0271126054026,Servo 0.0.1-b79e2a0,21941.266427015107
f95204fd4e0b4bba4c6c28a67958992791a28708,2024-04-11,125.0.6413.0,1092.151988259401,Servo 0.0.1-245269c,21958.634154605694
4013b5285c0977d16542695ae2ed47184730f331,2024-04-12,125.0.6415.0,1079.552387299068,Servo 0.0.1-d9f067e,21970.446456577563
daa07cf3c47652ed67e637f2a39bbc34f91cfe10,2024-04-13,125.0.6416.0,1078.262471689518,Servo 0.0.1-10ec856,21949.405409780356
daa07cf3c47652ed67e637f2a39bbc34f91cfe10,2024-04-14,125.0.6416.0,1087.4127176674465,Servo 0.0.1-b74664d,21973.39553461578
b8a81e1bcd5b1a5fe7ff7d59a3ae28fa34aea17f,2024-04-16,125.0.6422.3,1087.4393049508897,Servo 0.0.1-5083f3c,21982.44884272224
37a0f069a6d8f43bd3316bf7060344d628352dfe,2024-04-17,126.0.6424.0,1092.5556702144602,Servo 0.0.1-8bcb316,21988.938053157766
bb8c0991e89d6bf1f38edce2bd1af37ab3cdd81b,2024-04-18,126.0.6424.0,1093.04053392508,Servo 0.0.1-6b2fa91,21979.12085778445
55d94b616b0265a07ce054ea59767d7f3765b6ec,2024-04-19,126.0.6424.0,1080.0073403305034,Servo 0.0.1-5393d30,22196.574201586198
015f19c5b653f51f2e38ebe97ec0ff62523f57de,2024-04-20,126.0.6424.0,1088.6937341604682,Servo 0.0.1-21ea6d2,22203.576296675405
9b03282a99ef2314c1c2d5050a105a74a2940019,2024-04-21,126.0.6424.0,1089.3072906859582,Servo 0.0.1-bcf538d,22196.78167834506
cc80c7648e780ffa19915e9f95336f989da577be,2024-04-22,126.0.6424.0,1088.6954568634094,Servo 0.0.1-bcf538d,22199.72935023779
2c67022fcbacef33b1090e1eb0008e9af7ed6181,2024-04-23,126.0.6436.0,1075.9101633846042,Servo 0.0.1-025a987,22196.291202917528
f90c59598faaad9c60f43fff9db4e9873c7a6b54,2024-04-24,126.0.6438.2,1076.6996518880942,Servo 0.0.1-7ca9209,22203.122597363494
514826504bc76f0d063d8758437b4c6e49b2785b,2024-04-25,126.0.6440.0,1075.4601957864154,Servo 0.0.1-2272944,22222.147001857313
6ae7875d4162f8178de4bdce3da56887bce673e4,2024-04-26,126.0.6441.0,1076.1087222652543,Servo 0.0.1-1440406,22233.518857895604
9687c4025746a35e803cd1a82c84f2a6dab2724c,2024-04-27,126.0.6443.0,1075.9131137240488,Servo 0.0.1-81c4f2a,22238.162469260238
78709a81cc84279686438385b38572dd3ff44860,2024-04-28,126.0.6444.0,1079.9561117210512,Servo 0.0.1-66563ed,22238.177660083653
8c6b479fae23badbb86e9c993f5b5fbb66e16905,2024-04-29,126.0.6447.0,1076.0025712403842,Servo 0.0.1-02b3dd0,22229.734425181698
500f11b59f5417c9b29080d27ef1fd47f4b1495b,2024-04-30,126.0.6449.0,1080.0185694968736,Servo 0.0.1-1d6be62,22226.38790689273
fc9991bceed83699c5839775d403ca8bcf7e94b7,2024-05-01,126.0.6449.0,1080.3673148301277,Servo 0.0.1-4715f64,22235.268341774605
43dcbc2d79c0d5c2016ceb2fd8c8122b82a617d5,2024-05-02,126.0.6449.0,1086.4405976408382,Servo 0.0.1-bccbc87,22235.364559710786
480aef68cde989ecd168d2e5f5f3e8ae5e06c4a2,2024-05-03,126.0.6457.0,1081.1863324706067,Servo 0.0.1-0df79b9,22229.767445586847
5e8f71d73049d4fca2a8cbc62d40e821400f1624,2024-05-04,126.0.6458.0,1080.2609835947117,Servo 0.0.1-160c7c0,22187.68396344105
536297144c737f84096d1f448e790de0fb654956,2024-05-05,126.0.6458.0,1082.2117561853295,Servo 0.0.1-d297eb1,22221.367204156297
4d7801a898f9b9e1353167bc6058b275746ba593,2024-05-06,126.0.6463.0,1083.5646789080702,Servo 0.0.1-ff3cd14,22187.255802633834
6fb4ec75f422768cb2e193e8ae9dc3c00cecb0bc,2024-05-07,126.0.6465.0,1081.169328895943,Servo 0.0.1-ff3cd14,22201.671646875406
6830aff0b4a76f5e7deaeb30f934c4571b1e126e,2024-05-08,126.0.6467.2,1080.8390047405821,Servo 0.0.1-45f2433,22187.102725072225
94d64422ad14b5c7bbb3b70b195546aa929a3cb5,2024-05-09,126.0.6469.0,1087.8326417423748,Servo 0.0.1-6a2e4a6,22218.9753464097
d3dfe276ddb4138f147933d9dfa64d636a41af89,2024-05-10,126.0.6471.0,1085.553130178081,Servo 0.0.1-16803bc,22232.64749894858
8f48f40aab7f7f8a8118dc1a46972d070622be52,2024-05-11,126.0.6471.0,1088.1211311033915,Servo 0.0.1-b5be89a,22217.302464033743
44e5053e9ef617fe12147fa0eea2f355a30d29b3,2024-05-12,126.0.6475.0,1084.6060278579082,Servo 0.0.1-c2325cd,22226.834199733363
e40e7e0043824d384d9fd0a71cc6000ca75e1236,2024-05-13,126.0.6477.0,1085.3794510149226,Servo 0.0.1-2904c32,22211.66703959963
915d40b37fbd3554548d5cbec9f335f329ccc944,2024-05-14,126.0.6478.0,1089.7492541137215,Servo 0.0.1-3d4fd0e,22171.745588911803
74aad7dcd565974227e6c7dff5f84e6a39b967b9,2024-05-15,126.0.6478.2,1089.0918951958395,Servo 0.0.1-1cd30c4,22181.37771008211
d6b7c6ecbb411463cc6525ef3ff7b2d512a8d972,2024-05-16,126.0.6478.2,1085.5976168258333,Servo 0.0.1-00f267e,22179.495445917462
74efa65c7009807ce0937f1c071fcce9da69c548,2024-05-17,127.0.6485.0,1079.4993099121082,Servo 0.0.1-00f267e,22224.22203491358
cb53e377321267af4f5a1f05b3b851aab6fa8ede,2024-05-18,127.0.6486.0,1084.424322391377,Servo 0.0.1-903c516,22210.572816603395
5e6793faa62943090d88eca7fa6390219f06832d,2024-05-19,127.0.6489.0,1082.8213666176464,Servo 0.0.1-5cac276,22227.52058512372
10dbaeaca47389f2c892abd3f3134d922fdde658,2024-05-20,127.0.6491.0,1086.9293642011028,Servo 0.0.1-8868c13,22206.237310879107
a367d81ac597d7a6bdbb50df994618a2ebcd5a3e,2024-05-21,127.0.6493.2,1080.2651613232922,Servo 0.0.1-b44d064,22169.798083182613
8463bfd9c70e4377d97ba379a9d32098df6f1a0c,2024-05-22,127.0.6495.0,1083.25044065721,Servo 0.0.1-f7affae,22165.788692937498
9afafe0bc71a4276422b3f2d725ddfbf4e0225c5,2024-05-23,127.0.6497.0,1084.784469208416,Servo 0.0.1-5d5ac4e,22174.39458620937
a92b1b3b74a1cb9fb9842d96af6c5d0a12711588,2024-05-24,127.0.6498.3,1082.6691181985698,Servo 0.0.1-6451b1a,22181.841681430917
f2cdcb7e9550e74d07ed6cf17bbcb9643aeedb99,2024-05-25,127.0.6500.0,1086.8953129272422,Servo 0.0.1-fc08bd1,22180.52638410608
abcbb64783af5b776a3c5f4e13cf4d8756217830,2024-05-26,127.0.6501.0,1077.2079980157998,Servo 0.0.1-373481e,22191.784403413934
a19ee99959371190fd4d937bc3c73e7b5218702e,2024-05-27,127.0.6501.0,1084.1712581564714,Servo 0.0.1-a7bf099,22234.920999998783
fc92d4e807af473bdd4264ebbf6ec2176bbce70a,2024-05-28,127.0.6507.0,1084.9844952527083,Servo 0.0.1-a7bf099,22187.550172725525
3a4fe00d3b53384d6a81e44d2216ec508142d353,2024-05-29,127.0.6508.0,1083.7483230915363,Servo 0.0.1-93785a8,22180.90014137124
c426a4354c319e31dd3efc39652b1192603aab75,2024-05-30,127.0.6511.0,1093.1583132288201,Servo 0.0.1-42061cc,22160.280530644035
a14e908e1fd7c6e848ef60df044af1c040a012d2,2024-05-31,127.0.6512.0,1088.2657752543041,Servo 0.0.1-c0dedf0,22178.48452500926
17375f41ccf41e081764d2786ec535dede108c47,2024-06-01,127.0.6512.0,1083.2747224231987,Servo 0.0.1-d92c291,22294.505658929156
b71de6ef028f53a4dfa3648533d1ed0ecf56bd1e,2024-06-02,127.0.6516.0,1090.4920635895703,Servo 0.0.1-1f4341e,22112.552394969545
aa48f7fb90a021ace030e486589be3dcdd2c8b2e,2024-06-03,127.0.6518.2,1088.2891137863282,Servo 0.0.1-dd2de18,22056.930788221074
9b7244abf05c99c30f8307bd430e7bb9f56800a0,2024-06-04,127.0.6519.0,1093.3208161910627,Servo 0.0.1-2ca6c4b,22213.214514483952
9356da4562e3e1b2310a623281551a7674b75f73,2024-06-05,127.0.6522.0,1084.0068367965853,Servo 0.0.1-e73cf03,22082.823104971685
0b8139b52333906c42a7859ef872d5bc95820147,2024-06-06,127.0.6523.0,1081.6841142292976,Servo 0.0.1-5f538b8,22090.105645812127
f1f5f35967bfd61053e31fefe19262318193f927,2024-06-07,127.0.6526.0,1083.342867156698,Servo 0.0.1-5f538b8,22105.318692103017
68f7e630c2646830a3ee274e21a3efcb001fbd65,2024-06-08,127.0.6526.0,1083.8194341217966,Servo 0.0.1-5f538b8,22251.85042561532
68dec4ccf5a60e0a13c1d32e140cfd908ab2ade8,2024-06-09,127.0.6526.0,1080.8785185864638,Servo 0.0.1-b178a2b,22214.292148760625
55e466472e80124a3416d6c01731c67b1cb89167,2024-06-10,127.0.6532.0,1082.3729442593678,Servo 0.0.1-b178a2b,22064.591086924636
abcbf08a8c814f2c47d056921f73f51deed700a7,2024-06-11,127.0.6533.0,1085.7115981029922,Servo 0.0.1-855f320,22065.441929818426
cecc16187e8129eab6e4d2e35f999efc6fd149df,2024-06-12,128.0.6534.0,1086.4004302681217,Servo 0.0.1-9805779,22235.90872670754
d9fa1f121e5d681aed6940568c2f657bd2afe944,2024-06-13,128.0.6534.0,1089.6240332624423,Servo 0.0.1-b4e41d8,22234.968757915045
6b4402f7dde8fcee5c011c77969abbbbe2081a67,2024-06-14,128.0.6539.0,1084.06558914011,Servo 0.0.1-0a64181,22102.833875251945
ed9e9309618bdf76de06ff85757edbc8e1d7da82,2024-06-15,128.0.6539.0,1080.6671673756675,Servo 0.0.1-bae9f6d,22098.328108314214
7cf0eb5642e6a0d921cc583929933e7357bea874,2024-06-16,128.0.6540.0,1089.6742067131418,Servo 0.0.1-8eed3b4,22270.988632373683
199cd76bdd2f3fe485fe8214e86692370844a4da,2024-06-17,128.0.6542.0,1088.9279537857412,Servo 0.0.1-7982f0d,22102.57263511353
a6587d49b503f8138a9555f8952b174921149538,2024-06-18,128.0.6544.0,1089.5191587930253,Servo 0.0.1-8b35c40,22104.013892006933
6733607a85580814f8eded6861481f737f26c9b8,2024-06-19,128.0.6544.0,1088.5064891392765,Servo 0.0.1-79cd87a,22277.677367767756
d2018a9e540d6aef46eee02461882dbb1c432a7c,2024-06-20,128.0.6544.0,1089.049102245125,Servo 0.0.1-24906e1,22168.0561698258
c76b65f2330ec0327f0385a7b721db0302749da5,2024-06-21,128.0.6550.0,1088.929487878094,Servo 0.0.1-256c55e,22173.777303172974
f46bf6aa167e2838a8b93501a1a998ffde90d879,2024-06-22,128.0.6551.0,1080.1211409781702,Servo 0.0.1-44064b1,22296.08648629783
f46bf6aa167e2838a8b93501a1a998ffde90d879,2024-06-23,128.0.6551.0,1082.1976507554382,Servo 0.0.1-130eef3,22292.378899455478
4298bb7fb5e5008977b2cd14ea5734a877b77db9,2024-06-25,128.0.6556.2,1083.001688721976,Servo 0.0.1-8121c98,22304.277652091732
e67bfa03fc6a7028cc04178d30e67d46132ef0e0,2024-06-26,128.0.6560.0,1076.366065750584,Servo 0.0.1-6738902,22340.306173086232
d8da9d4d1d0dd8525c5dd13623a52b2675529bea,2024-06-27,128.0.6562.0,1078.1297560188848,Servo 0.0.1-b3d99a6,22264.411715248505
639fa536940371f833fbbcc10104e20f435f9777,2024-06-28,128.0.6564.0,1078.2751335905245,Servo 0.0.1-574a22a,22541.371178351383
639fa536940371f833fbbcc10104e20f435f9777,2024-06-29,128.0.6564.0,1076.269285637308,Servo 0.0.1-fced0b4,22577.25039276391
564cd562b30436f4d778dcb63991391f65377eeb,2024-07-01,128.0.6570.0,1082.7289155660967,Servo 0.0.1-3a0f564,22853.739147677097
a681c9cf0e9a37b3d5d85e6786af0bcb07d9e68a,2024-07-02,128.0.6572.0,1082.7684138445204,Servo 0.0.1-e2e7476,22879.609479295537
61a0206ad33abc50ef12f4f4b5d6cd907dee1ee7,2024-07-03,128.0.6574.0,1085.4753071873392,Servo 0.0.1-ad01342,22866.153859941678
8fdaf8c7f08bbc8478b330983823139095ca4070,2024-07-04,128.0.6576.0,1082.4758087112948,Servo 0.0.1-fe58a5f,22877.476903883387
4e3b5de2eb8218cf18a1674618994efeb96e2cc0,2024-07-05,128.0.6578.0,1078.9932831395258,Servo 0.0.1-650af7d,22847.98134803493
4e3b5de2eb8218cf18a1674618994efeb96e2cc0,2024-07-06,128.0.6578.0,1077.781092183588,Servo 0.0.1-7eac599,22860.616789795575
17e3ded7b13918ef851a929923776d65098b9341,2024-07-09,128.0.6585.0,1081.8895632991569,Servo 0.0.1-db4cba4,22868.606952677008
d1486d48a17348c6ffd8200f22433f0ef839a624,2024-07-10,128.0.6588.0,1079.7628918402233,Servo 0.0.1-1c6b74e,22837.71351142116
a7577845e1aceaebfc009a4ddbdc9a52070b91c9,2024-07-11,128.0.6589.0,877.5549447586229,Servo 0.0.1-a3bb804,22884.6259095597
f4c4461bc4091be0824028628428b043a410e212,2024-07-12,128.0.6592.0,879.8086056298743,Servo 0.0.1-3e163bf,22891.808421389185
3202257995f1eb3aaf5a7ace11d56f26beca0136,2024-07-13,128.0.6592.0,880.6602078203881,Servo 0.0.1-b206a0f,22920.929302535464
3202257995f1eb3aaf5a7ace11d56f26beca0136,2024-07-14,128.0.6592.0,880.575995694715,Servo 0.0.1-d667b79,22916.402826241705
218291890c462da52b710c6dd0f61e991fea4be2,2024-07-16,128.0.6600.0,887.0202999960959,Servo 0.0.1-968474a,22870.653992495958
d121b9701fdc75625079978896f0ddf3e86c4189,2024-07-17,128.0.6602.0,877.7876856663362,Servo 0.0.1-d5171c0,22909.928564759113
bb4eac96553f7e5bdb37ee96244bbacf3a733aed,2024-07-18,128.0.6603.0,882.9455085508461,Servo 0.0.1-bc1bf82,22939.02058624645
14a6bb18c7d69f7fc582bbde5b33a46615ac1d6c,2024-07-19,128.0.6606.0,887.3855226613069,Servo 0.0.1-34eed29,22838.99706450723
7a1c8e0f27cb9b7d407851c8d8bdb1616a1e5506,2024-07-20,128.0.6607.0,893.3732880852706,Servo 0.0.1-8b3c9b7,22897.42517512872
5af3e9c2a2aba76ade00f0dbc3486e50a74a4506,2024-07-21,128.0.6608.0,881.4715353058862,Servo 0.0.1-a29e5c8,22893.529223097383
64eef58a27411c71022d6f2cae9ad8615355100f,2024-07-22,128.0.6612.0,885.5051040302735,Servo 0.0.1-b471f64,22885.85278520674
c6521a13edb77582a72593e7215c8a61f398c9c4,2024-07-23,128.0.6613.0,892.6311205032398,Servo 0.0.1-f6dc35f,22894.54842504261
bc4ee2a313bb58a0a76d7084003010010df01d62,2024-07-24,129.0.6615.0,880.329253023098,Servo 0.0.1-2a31e62,22976.349936169805
27c89c6f06af177cbd8f2ba5517be3c110fa50a0,2024-07-25,129.0.6617.0,880.2233342809985,Servo 0.0.1-b6652f8,22968.17054360266
d40148d6ce23962bd33fe90927bbafe8cfa04b34,2024-07-26,129.0.6619.0,877.2675403248892,Servo 0.0.1-450aebc,23040.262461362243
0043ce4403c4ec48b1d3605e10a140bddfa2a6ce,2024-07-27,129.0.6620.0,881.7873799174624,Servo 0.0.1-bc1c71b,23039.97732875071
47b5098ce13c2927fe2913fb97996783c717ca77,2024-07-28,129.0.6623.0,877.6655242888249,Servo 0.0.1-9f151fa,23029.58754041871
5f77df35944f3a06eaca520b8cc3752840cf47b4,2024-07-29,129.0.6625.0,874.3600854725485,Servo 0.0.1-9f151fa,23041.026969004273
65d1f63b4e4b68b23a7f7801dffb338aa5d8b42c,2024-07-30,129.0.6626.0,874.6461387795522,Servo 0.0.1-ed8def2,23031.73617958676
29c14472098d77df411c93b824edc54612e5641a,2024-07-31,129.0.6629.0,879.9313751238553,Servo 0.0.1-29a4cca,23043.813273276537
5611a3306561fabf7782687b51bef178db2e39d3,2024-08-01,129.0.6630.0,882.3891394314131,Servo 0.0.1-f86493c,23079.19249709384
d9c1f9f3de7bb9f6dd0f19c37f6f0c8854dfc709,2024-08-03,129.0.6634.0,877.7054619747697,Servo 0.0.1-5963695,23055.989086730686
a8a92e16db16da670650dc1f1c44cce7caff23c2,2024-08-04,129.0.6635.0,879.6402520398563,Servo 0.0.1-1e510e8,23053.530477179153
b38692fe57b50838d2e7b45adbafea1ac47a440f,2024-08-05,129.0.6638.0,878.6857457408319,Servo 0.0.1-7c2c383,23056.11007124409
b38692fe57b50838d2e7b45adbafea1ac47a440f,2024-08-06,129.0.6638.0,880.1942410636976,Servo 0.0.1-5e59988,23045.75609036964
fe903950b44a885ef0c085a004ca6847cbd81e10,2024-08-14,129.0.6656.0,876.6273349550905,Servo 0.0.1-4744deb,23148.731106769574
8202132c840612f77f41ade1aafc1820e449121f,2024-08-15,129.0.6659.0,878.239719998182,Servo 0.0.1-3aef023,23047.984187408318
a3dd44e517c14d1097586b4093261269ee51e6c3,2024-08-16,129.0.6661.0,878.963488191063,Servo 0.0.1-a6638c1,23386.384807885413
2389c876fea91022847e1fb0e1b222fb33810693,2024-08-17,129.0.6661.0,879.3463770833386,Servo 0.0.1-4cc1b68,23387.552245046598
2e5fe20c289fc9566ae122acc947aafc322fce4e,2024-08-18,129.0.6665.0,882.9523349550906,Servo 0.0.1-20273b0,23383.1177615738
35c491477205f3fc43d7b950f125945d2f7d2871,2024-08-19,129.0.6667.0,883.5754517584252,Servo 0.0.1-db31231,23392.8458967855
369bd9b12f66cd8e83cbf9373a7dbed8b6dabbe5,2024-08-20,129.0.6668.6,876.6144893935273,Servo 0.0.1-e078353,23364.14070689248
ccc89019aa2d541d1edf774b023dd48b5487c66e,2024-08-21,130.0.6670.0,884.0454774912312,Servo 0.0.1-91adf39,23413.33859819281
2773ee25e1db8bc22ca3abfc2f2ecd94b3685bbe,2024-08-22,130.0.6670.0,881.0098116750311,Servo 0.0.1-8e224cb,23425.316389573563
2a3226304a809439fc0ce88f1e4b806f4ce6b91c,2024-08-23,130.0.6670.0,893.8684303964923,Servo 0.0.1-562d32c,23364.457609298035
d988aeeb33edc4d452899921799b8bed69fff65d,2024-08-24,130.0.6670.0,898.207716110778,Servo 0.0.1-e956b53,23377.39404625168
d988aeeb33edc4d452899921799b8bed69fff65d,2024-08-25,130.0.6670.0,13,Servo 0.0.1-2db9032,21458.59737044679
e78446e34a1921371658a5df08c71d83f50a2a2f,2024-08-27,130.0.6682.0,10,Servo 0.0.1-c028b5c,21462.609275208695
eb331615b0f0c636f4c558a96e97129642f77ca3,2024-08-28,130.0.6684.0,11,Servo 0.0.1-ba4e081,21477.727926002346
7a69b2e3e487c988cf3379ede29b945aecbe3162,2024-08-29,130.0.6685.0,11,Servo 0.0.1-6de7848,21476.96760854203
a6745d222a0e97d8a3cd9a47ffc5f2faf1d72acb,2024-08-30,130.0.6688.0,11,Servo 0.0.1-c69acd1,21481.71403711346
5d8ec746ed021738e7ee0cee92ad1a1814ba00fe,2024-08-31,130.0.6688.0,890.6827497542737,Servo 0.0.1-13cbcf6,22753.065608635134
04c1ea99877bad31a359ab7a5f681431d5f48a98,2024-09-01,130.0.6690.0,895.8338653910427,Servo 0.0.1-3acc9ed,22730.351167315624
332a39bf9b0618cab09dd1f1c1ed2cebf8991ec4,2024-09-02,130.0.6694.0,891.82431647187,Servo 0.0.1-3453d9f,22730.106385673753
f2010574cd7cf7f721324e30210e60036dbd5623,2024-09-03,130.0.6696.0,887.6801089544113,Servo 0.0.1-35ca050,22741.75454328286
b68ac84b05db083d4072fb3058e27fb1f0dc56c9,2024-09-04,130.0.6698.0,889.9440821069337,Servo 0.0.1-6c0394b,22736.148397504363
e31406cfd59be1409b19dbbb77a8cf05e16576d4,2024-09-05,130.0.6700.0,893.4157541161861,Servo 0.0.1-6c0394b,22756.1736053181
3af2d6a0442dc93126479ced8af0882b15e7ad23,2024-09-06,130.0.6701.0,889.4037799163713,Servo 0.0.1-75c7712,22760.191988982027
ec9b870fec350e59e9db48ae2858e914a07f38d6,2024-09-07,130.0.6704.0,886.0313944486567,Servo 0.0.1-ebed921,22774.33432795617
ec9b870fec350e59e9db48ae2858e914a07f38d6,2024-09-08,130.0.6704.0,886.2181377762187,Servo 0.0.1-152e620,22763.899580211084
24199363d2a25d3c1b562c0065ed214cb59ca49b,2024-09-11,130.0.6710.0,895.0399514210271,Servo 0.0.1-f1ad364,22786.43206242262
2432577309abcb0e6d1068cd1fdbac2756596532,2024-09-12,130.0.6714.0,841.223722512954,Servo 0.0.1-095590e,22827.779088181233
641306a1f1139d773978b26e0358210b4d25e599,2024-09-13,130.0.6715.0,843.5458403073687,Servo 0.0.1-6377706,22778.226890545877
4c3d068f942231dc905ea283e4f82bd70801c37c,2024-09-14,130.0.6715.0,845.6069474283111,Servo 0.0.1-03abf77,22745.184089073453
a8c39a102fc211f67dfc4dec645f7cd37538b998,2024-09-15,130.0.6720.0,839.665938099161,Servo 0.0.1-6a3cdc4,22737.211442695494
4a6d5cba8f92837181c19cc23af919b96d3e43b2,2024-09-16,130.0.6722.0,842.1698142407339,Servo 0.0.1-9f2306f,22734.55266589165
efc196ab640e35d9663aa91adc20705f2a4920ad,2024-09-18,131.0.6725.0,883.0536578241481,Servo 0.0.1-f8e0fde,22646.27993942225
0a477cb81a95bae2aaa1a494efdce8dd8c5cd6de,2024-09-19,131.0.6727.0,881.1406242139374,Servo 0.0.1-7eda58e,22641.97336671983
5a2cfec4558912fd7896472593d420054ae967ff,2024-09-20,131.0.6729.0,895.3425314394632,Servo 0.0.1-05b2aa2,22640.22099436505
8e164c249d2b93a4234a2710a5e2cc5a16fab499,2024-09-21,131.0.6730.0,894.5509278210535,Servo 0.0.1-457d37d,22646.38929228188
8e164c249d2b93a4234a2710a5e2cc5a16fab499,2024-09-22,131.0.6730.0,897.6976294340776,Servo 0.0.1-24ad2a0,22639.928512135783
47999dca71ee583c01875e3a8793acd0411c9766,2024-09-24,131.0.6736.0,903.3604555709893,Servo 0.0.1-d3d6a22,22631.981237438144
30fc634d561c33720c78570e8b85a5360fa2faf6,2024-09-26,131.0.6741.0,892.5749745012992,Servo 0.0.1-2c6d9a1,22646.6866180634
dbf4b1c0813c0ff6bb522dd93becc44b2cd2a379,2024-09-27,131.0.6743.0,896.3825270833171,Servo 0.0.1-a97afeb,22632.85656872487
7943e5ec3d34576e69011e20cde825d3c2d64013,2024-09-28,131.0.6744.0,899.737347556642,Servo 0.0.1-fa05214,22637.799740193917
03c258eab4bb0dc037d0b3822049cada69a49427,2024-09-29,131.0.6745.0,897.9479722230707,Servo 0.0.1-c1931ee,22641.788630283183
1796ea251db6499e4d41755b412feaea495f2455,2024-10-02,131.0.6753.0,895.835309807767,Servo 0.0.1-022a95a,22670.46201360473
a18606c329a8aeb71906b885904a67ed5e7a03e7,2024-10-03,131.0.6755.0,897.5477374770476,Servo 0.0.1-e534c7d,22676.29800932336
f36843386427263dafecbbc993fc184c09c38239,2024-10-04,131.0.6757.0,899.8360336398449,Servo 0.0.1-c7a4e4f,22650.328784826776
9448ab31f11e671a8b069e3407b4f6279bea698e,2024-10-05,131.0.6758.0,900.7812618188025,Servo 0.0.1-e1eca71,22710.847190714772
11c69780a675c377b5bb81ed4e862a31ff2d2111,2024-10-06,131.0.6760.0,900.0912411283668,Servo 0.0.1-20eb927,22708.574550364196
f27723cf73a143a0ffea126c01095f4a32238d17,2024-10-07,131.0.6763.0,894.8243083878352,Servo 0.0.1-20eb927,22711.94114300559
9eab5122732d1b0178b6741d69b84616350cfb92,2024-10-08,131.0.6765.0,884.5309140630836,Servo 0.0.1-f8933a5,22679.221738539032
98327f00c85266f88ebca52037314cf8ceea6329,2024-10-09,131.0.6767.0,908.453192077955,Servo 0.0.1-d200557,22737.366904236897
0ca2856475e2d067f7f2523ffb30de965c28d14a,2024-10-10,131.0.6769.0,915.9307620482297,Servo 0.0.1-a2b2701,22740.196971516918
280d04eaabed08d430d12c8af971b0b56f32310f,2024-10-11,131.0.6770.0,921.562615966695,Servo 0.0.1-0c47201,22763.822926106426
c7076ab2397dd3dcf0bb93dc304d05be04cd2a47,2024-10-12,131.0.6770.0,916.8690012040274,Servo 0.0.1-febe7de,22757.34355487624
c7076ab2397dd3dcf0bb93dc304d05be04cd2a47,2024-10-13,131.0.6770.0,916.7090464021327,Servo 0.0.1-e5e1ef9,22762.143809467485
100f9048d8f8e318e70cc66af3004afaee24f532,2024-10-15,131.0.6778.2,914.5370381410752,Servo 0.0.1-717baff,22685.20109062449
00e1df7e329f3d11b91d7b2e11a2db63bbd98ef9,2024-10-16,132.0.6780.0,918.2949230532522,Servo 0.0.1-2f1862a,22691.956052581994
9a1f194b93ab04b266e38facc95fb2a85a54f7e2,2024-10-17,132.0.6781.0,915.0204164840995,Servo 0.0.1-ed959d7,22691.43573699273
f045090e93242202f84b55fc7e53542b80f2fe32,2024-10-18,132.0.6784.0,920.7874835287241,Servo 0.0.1-fc56926,22673.03296643352
5a9d9349a312e12a950d5f4703cd41609a06f242,2024-10-19,132.0.6786.0,920.7024985365621,Servo 0.0.1-41fd39a,22716.43596269764
5a9d9349a312e12a950d5f4703cd41609a06f242,2024-10-20,132.0.6786.0,920.6560699651335,Servo 0.0.1-a008b6f,22716.29092809313
517a9605e5e07afe4eda71d3f00399e1b3b0bfe1,2024-10-22,132.0.6791.0,924.0498461660866,Servo 0.0.1-4d11b2d,22721.459160410275
b8c2618da54e77ddb48936d0e333c03ec96f9811,2024-10-23,132.0.6793.0,929.1584902736093,Servo 0.0.1-ebfea9b,22728.88719339944
88831ee6202f4f23bc0e5601fd359de2ffe063f2,2024-10-24,132.0.6794.2,924.284913197924,Servo 0.0.1-6fdd5ce,22684.01118444485
8be9ad55c941b65de8bc725fdc72eabca737ba43,2024-10-25,132.0.6797.0,924.3216297918177,Servo 0.0.1-d74b078,22708.397368005437
73d6bd0d61f0ad5341d0c2303a7638e3aa12a594,2024-10-26,132.0.6799.0,917.1927984479594,Servo 0.0.1-f05f1b3,22725.772594139922
73d6bd0d61f0ad5341d0c2303a7638e3aa12a594,2024-10-27,132.0.6799.0,917.4322784372407,Servo 0.0.1-f05f1b3,22723.792884138962
a1d1d39e2cae42be8423d314d386e3ed4d4c3402,2024-10-29,132.0.6806.0,919.8150100851639,Servo 0.0.1-10aa485,22676.233923637392
59f42dd9cc1aefa9b7f845c1cecf6625441a1383,2024-10-30,132.0.6808.0,919.2787169209636,Servo 0.0.1-a501572,22718.156101431174
6c7c4003dba847b63e16083a0b7b8f473d9ad7e1,2024-10-31,132.0.6810.0,346.66208883030714,Servo 0.0.1-bac1101,35306.036372756054
b4899d9818c981543ca844554733a576a1f37ece,2024-11-01,132.0.6812.0,926.7740581248884,Servo 0.0.1-62c7951,22692.51666774122
d2f2efe271ae2fa661c52ed2fe8564e21ad4036f,2024-11-02,132.0.6813.0,918.0734750851574,Servo 0.0.1-0d7fa75,22606.238144094852
a396ad103b076a2df5e5f7c57f95986a45c961be,2024-11-03,132.0.6814.0,916.4068569232843,Servo 0.0.1-a3fda38,22601.08584910037
71bc66fcf1f521e9142d6382f602eead8d11f5fa,2024-11-04,132.0.6817.0,919.4471528390002,Servo 0.0.1-b22c077,22599.05198753971
1b56d89a261b86dedfd2854b53c1732e435f1f57,2024-11-05,132.0.6821.0,917.0511269576417,Servo 0.0.1-5d1d3d6,22590.10095536918
877d18df86bb73b9b0f591eb0a56f38206d4b185,2024-11-06,132.0.6823.0,924.9579688377944,Servo 0.0.1-537958a,22586.709532788842
4537d926e08354da3b10beb278a38fdedfa13137,2024-11-07,132.0.6824.0,922.5391135803061,Servo 0.0.1-756c249,22575.482163006363
7b542308b66f77878714f851a8baac291ee2a39e,2024-11-08,132.0.6827.0,924.8205425745454,Servo 0.0.1-48d193c,22581.35873045764
8686b7a6d288d3b2c22b5ddb5a21773619b22b85,2024-11-09,132.0.6827.0,930.2381919251947,Servo 0.0.1-4f6283d,22578.83617829081
b6fb1078b99e2afb42f587d06712b1901e303a5f,2024-11-10,132.0.6829.0,927.4839711459739,Servo 0.0.1-da462d0,22425.21667203704
47ce54c6931efcac7e98a933363fdf097b0b1085,2024-11-11,132.0.6832.0,926.5087210865898,Servo 0.0.1-dcb9058,22408.12665566964
2b25844f7ef4ca0940d13daa9502a465b0681c25,2024-11-12,132.0.6834.0,927.7218863548767,Servo 0.0.1-72971bd,22409.33840787765
152ce7bb8a35f2556fbdee5a6021edab69709ba5,2024-11-13,133.0.6835.0,931.0302972016123,Servo 0.0.1-8801698,22407.264150859264
d0fa23bcb3d6c3d73f6bd3e65608f715b9169025,2024-11-14,133.0.6837.0,926.1695492176755,Servo 0.0.1-5e7664b,22418.157828754822
a6ab90e6d1652a7d2280796961a802c259027834,2024-11-15,133.0.6838.0,929.7878117011395,Servo 0.0.1-3fd1a22,22418.526619782362
6cf69a4f431581e9438681abc776029308ee8a8c,2024-11-16,133.0.6838.0,934.3969276128872,Servo 0.0.1-495cceb,22419.862234520802
577bbc90555b690f61071a2a42853d14c98c3b25,2024-11-17,133.0.6842.0,928.0090365465043,Servo 0.0.1-ee63174,22421.456958280603
d639d949a473d412a3557eab71eba43a58420f3f,2024-11-18,133.0.6844.0,928.3155076373284,Servo 0.0.1-dca33f6,22381.073407200245
a31f0188c9e7c806f98101707ad2bdf11f56234d,2024-11-19,133.0.6847.0,934.885495106,Servo 0.0.1-f71f38b,22398.99028118311
f7ae3a9bb320a9f5f253cba0b73e5f1a2d8ad377,2024-11-20,133.0.6848.0,927.9601254984534,Servo 0.0.1-caf2467,22379.804584075002
53c06dc624d2e8ed7c2de69710183a5fc0e6c9b1,2024-11-21,133.0.6850.0,934.0073012139194,Servo 0.0.1-c73e4ba,22406.76138650454
c27cc4faeeb1b4b5ce7f98e29a7f4aba5d6ac6ac,2024-11-22,133.0.6853.0,936.111971788298,Servo 0.0.1-527e2d4,22407.881083191314
6d461cc41e1a9951e1991a94f651e389b0ca24ba,2024-11-23,133.0.6853.0,933.7442548591698,Servo 0.0.1-67012a5,22396.36407583965
6d461cc41e1a9951e1991a94f651e389b0ca24ba,2024-11-24,133.0.6853.0,932.2909465149719,Servo 0.0.1-9542466,22398.178506421642
d6ea893fddc33c9215d0a1c9b06066ff6a4d1bba,2024-11-26,133.0.6860.0,935.5106265196767,Servo 0.0.1-c11e0e8,22385.136213768892
6ad7a2e30f54e5f2a6e766e5e717b2c5ceeb5d99,2024-11-27,133.0.6863.0,931.8796622527284,Servo 0.0.1-63793cc,22414.98469836379
bc6fbf467e196c4f03484768c494284c8a9c3dd4,2024-11-28,133.0.6865.0,934.8679750542043,Servo 0.0.1-d65a2e9,22413.42666079253
643af85eb6c918e4a78ab91ad213a5421098a328,2024-11-29,133.0.6866.0,932.8237231760077,Servo 0.0.1-9168375,22426.76276103968
76dfa54e5df7f8cee7501cc6d598cf647c2b8564,2024-11-30,133.0.6868.0,936.5816644022594,Servo 0.0.1-16da1c2,22417.345457947526
76dfa54e5df7f8cee7501cc6d598cf647c2b8564,2024-12-01,133.0.6868.0,936.423173071843,Servo 0.0.1-096439b,22417.537062534917
48178346fe87222856812842fb7af7b01baa1530,2024-12-03,133.0.6875.0,934.4200145495744,Servo 0.0.1-e9c7c04,22420.012725157594
79ce401809a5531e21e197481125ed26cfb3b994,2024-12-04,133.0.6877.0,940.579779991964,Servo 0.0.1-ad448da,22434.74157133996
79bdb1b12acd159e80b2186b3180d459734ba999,2024-12-05,133.0.6879.0,936.829676911711,Servo 0.0.1-9028c8c,22439.221540578772
7b6f075f0ec3c52d92c61fb9f35ce0ec927b17b2,2024-12-06,133.0.6881.0,935.9442779842254,Servo 0.0.1-97f486a,22467.945370226378
7b6f075f0ec3c52d92c61fb9f35ce0ec927b17b2,2024-12-07,133.0.6881.0,935.0834592707752,Servo 0.0.1-61ca2dd,22456.44615507444
5741daf1cb7b2654f5c2bb0520f9f3d9e5d4cfb0,2024-12-10,133.0.6887.4,935.1942395673505,Servo 0.0.1-af8f35f,22434.44273698046
92db8211bacc6ccb33f5b3aa86f12ddd1cbb2283,2024-12-11,133.0.6888.0,935.7573115812553,Servo 0.0.1-2f64dde,22425.711308008376
26b18ca2ebabc7e74d3b84c82542187cddbc29ed,2024-12-12,133.0.6891.0,933.0600526253639,Servo 0.0.1-2f64dde,22483.458705418787
8f41c4f07f63f94c22109042a1a19dc31848375f,2024-12-13,133.0.6893.0,936.1134863613023,Servo 0.0.1-84c59e0,22446.549556633272
38623a53d6598cb7aab4be8a810102b352a652df,2024-12-14,133.0.6895.0,935.0575902168091,Servo 0.0.1-53612da,22453.497831291665
38623a53d6598cb7aab4be8a810102b352a652df,2024-12-15,133.0.6895.0,938.6909235501424,Servo 0.0.1-41030ea,22477.110493300162
441d9bfafda626484b081e3cd4964489e9608ca2,2024-12-17,133.0.6902.0,935.5598047818452,Servo 0.0.1-a37a9f6,22483.251363156072
87fa63514d61ba0aa4c3be23cacac43be48e5806,2024-12-19,133.0.6905.0,928.9325439519829,Servo 0.0.1-4ddcba2,22501.86295590872
482f155ad08b0fea2ff0397ca00a7e71547df84a,2024-12-20,133.0.6907.0,930.5034320789727,Servo 0.0.1-4ddcba2,22518.032669151977
979291d49c1a8e3d811df117d9e6b5d399a6deb2,2024-12-21,133.0.6909.0,931.0482121532336,Servo 0.0.1-61bfd2f,22515.60118006664
dda5022b5f143e3ea4d82800ae2e9a2e98374e40,2024-12-22,133.0.6911.0,928.6861643938611,Servo 0.0.1-1d5aac8,22519.728704959973
32f43fa72ba90b4269b5c485909210761cb70b20,2024-12-23,133.0.6914.0,929.1867599831293,Servo 0.0.1-1157fa2,22525.474240040836
6efc8afc8a0e1ad401005fac848098b7759e62fa,2024-12-24,133.0.6915.0,928.7612695564156,Servo 0.0.1-2ab66ce,22540.22718220036
e8ba63bc89b804dda46d77a70bd81ec349248138,2024-12-25,133.0.6916.0,929.2212695564157,Servo 0.0.1-3a89163,22535.139515575444
8dec23b17f1ca6b3e9cf721d0676ac9f7bc94121,2024-12-26,133.0.6919.0,925.5665076516538,Servo 0.0.1-1e95712,22537.550440216983
fe46e85bef1394a0ea95460fa25c9cbe1207cecf,2024-12-27,133.0.6921.0,923.1750239141523,Servo 0.0.1-5f927a2,22521.14527706404
8fcb1f1e9519117f68699b8257c6b79d0f6e70e8,2024-12-28,133.0.6922.0,923.2964712812858,Servo 0.0.1-08a3e61,22518.286809717774
8fcb1f1e9519117f68699b8257c6b79d0f6e70e8,2024-12-29,133.0.6922.0,924.2926981278442,Servo 0.0.1-a9539d8,22518.35946389522
58c1148991566b4b3454edac0f9a8e11010e20b2,2024-12-31,133.0.6929.0,929.3915076516537,Servo 0.0.1-1296c71,22555.529385126618
