sha,date,chrome-version,chrome,firefox-version,firefox,ladybird-version,ladybird,safari-version,safari,servo-version,servo
a3dd44e517c14d1097586b4093261269ee51e6c3,2024-08-16,129.0.6661.0,157.50412487738186,131.0a1,190.23984912101062,1.0,6031.414069581337,201 preview,760.5156025479238,Servo 0.0.1-a6638c1,3733.8512517375298
2389c876fea91022847e1fb0e1b222fb33810693,2024-08-17,129.0.6661.0,153.39981232946465,131.0a1,188.672191350925,1.0,6060.562243107016,201 preview,756.2056495520019,Servo 0.0.1-4cc1b68,3744.5094730356777
2e5fe20c289fc9566ae122acc947aafc322fce4e,2024-08-18,129.0.6665.0,156.29716450124016,131.0a1,191.89114891060666,1.0,6050.966905077646,201 preview,757.4667250492288,Servo 0.0.1-20273b0,3737.8969939550343
35c491477205f3fc43d7b950f125945d2f7d2871,2024-08-19,129.0.6667.0,154.8378021260591,131.0a1,190.82869135092497,1.0,6047.076388353749,201 preview,756.4663559646468,Servo 0.0.1-db31231,3735.05902840888
369bd9b12f66cd8e83cbf9373a7dbed8b6dabbe5,2024-08-20,129.0.6668.6,154.70666274558235,131.0a1,191.40732281023892,1.0,6070.521989241631,201 preview,757.5403337129526,Servo 0.0.1-e078353,3755.6698255485694
ccc89019aa2d541d1edf774b023dd48b5487c66e,2024-08-21,130.0.6670.0,153.56780784408073,131.0a1,191.46843593966958,1.0,6039.650950673869,201 preview,762.147393807218,Servo 0.0.1-91adf39,3763.298789547226
2773ee25e1db8bc22ca3abfc2f2ecd94b3685bbe,2024-08-22,130.0.6670.0,156.00013519371555,131.0a1,190.4665580397917,1.0,6039.775906977065,201 preview,765.004401751783,Servo 0.0.1-8e224cb,3762.1406273488046
2a3226304a809439fc0ce88f1e4b806f4ce6b91c,2024-08-23,130.0.6670.0,152.5774605384828,131.0a1,190.1461582095055,1.0,6128.50636896801,201 preview,768.4076220794743,Servo 0.0.1-562d32c,3792.7748901801447
d988aeeb33edc4d452899921799b8bed69fff65d,2024-08-24,130.0.6670.0,154.40103196705422,131.0a1,191.3927542686188,1.0,6072.624095667793,201 preview,757.7262064608566,Servo 0.0.1-e956b53,3794.737982556287
d988aeeb33edc4d452899921799b8bed69fff65d,2024-08-25,130.0.6670.0,3,131.0a1,3,1.0,62,201 preview,3,Servo 0.0.1-2db9032,9714.223684210527
e78446e34a1921371658a5df08c71d83f50a2a2f,2024-08-27,130.0.6682.0,3,131.0a1,3,1.0,59,201 preview,3,Servo 0.0.1-c028b5c,9708.223684210527
eb331615b0f0c636f4c558a96e97129642f77ca3,2024-08-28,130.0.6684.0,2,131.0a1,3,1.0,60,201 preview,3,Servo 0.0.1-ba4e081,9714.223684210527
7a69b2e3e487c988cf3379ede29b945aecbe3162,2024-08-29,130.0.6685.0,2,131.0a1,3,1.0,59,202 preview,2,Servo 0.0.1-6de7848,9738.223684210527
a6745d222a0e97d8a3cd9a47ffc5f2faf1d72acb,2024-08-30,130.0.6688.0,2,131.0a1,3,1.0,61,202 preview,3,Servo 0.0.1-c69acd1,9775.223684210527
5d8ec746ed021738e7ee0cee92ad1a1814ba00fe,2024-08-31,130.0.6688.0,159.19432444066436,131.0a1,198.85296616067686,1.0,5260.580955262746,202 preview,739.1595202670565,Servo 0.0.1-13cbcf6,3317.5232259266427
04c1ea99877bad31a359ab7a5f681431d5f48a98,2024-09-01,130.0.6690.0,159.38709403750374,131.0a1,202.1419680439546,1.0,5263.13214618672,202 preview,741.3662995251581,Servo 0.0.1-3acc9ed,3314.711091154283
332a39bf9b0618cab09dd1f1c1ed2cebf8991ec4,2024-09-02,130.0.6694.0,157.14661784702753,131.0a1,201.17124989723644,1.0,5264.712815722716,202 preview,739.4293947632533,Servo 0.0.1-3453d9f,3311.1086093439644
f2010574cd7cf7f721324e30210e60036dbd5623,2024-09-03,130.0.6696.0,157.51492434672934,132.0a1,203.152418312868,1.0,5266.9043625792665,202 preview,741.3353064820081,Servo 0.0.1-35ca050,3311.739549218467
b68ac84b05db083d4072fb3058e27fb1f0dc56c9,2024-09-04,130.0.6698.0,157.87774138881372,132.0a1,201.58582132580784,1.0,5263.465283751336,202 preview,737.8987661563887,Servo 0.0.1-6c0394b,3298.804585994868
e31406cfd59be1409b19dbbb77a8cf05e16576d4,2024-09-05,130.0.6700.0,156.52527368108284,132.0a1,201.17608139906793,1.0,5262.787558377663,202 preview,734.5220701799849,Servo 0.0.1-6c0394b,3312.756542859991
3af2d6a0442dc93126479ced8af0882b15e7ad23,2024-09-06,130.0.6701.0,146.06043546851654,132.0a1,172.4081671457093,1.0,7809.984875331185,202 preview,695.7278015010436,Servo 0.0.1-75c7712,2986.401491302848
ec9b870fec350e59e9db48ae2858e914a07f38d6,2024-09-07,130.0.6704.0,148.33321595047843,132.0a1,172.32025434904105,1.0,7814.7142257997475,202 preview,698.6762843911987,Servo 0.0.1-ebed921,2996.8528626119214
ec9b870fec350e59e9db48ae2858e914a07f38d6,2024-09-08,130.0.6704.0,158.79759545758074,132.0a1,203.5740748414446,1.0,6247.047347056737,202 preview,748.3068456431992,Servo 0.0.1-152e620,3317.8802501241153
24199363d2a25d3c1b562c0065ed214cb59ca49b,2024-09-11,130.0.6710.0,159.73883130840537,132.0a1,202.44805446168522,1.0,6528.651629970991,203 preview,732.2317594196782,Servo 0.0.1-f1ad364,3332.836551058623
2432577309abcb0e6d1068cd1fdbac2756596532,2024-09-12,130.0.6714.0,143.230497975072,132.0a1,206.40545579382555,1.0,6522.962950122824,203 preview,753.5274167418902,Servo 0.0.1-095590e,3355.711681492467
641306a1f1139d773978b26e0358210b4d25e599,2024-09-13,130.0.6715.0,147.58504272226386,132.0a1,214.79843984567003,1.0,5446.286859453326,203 preview,769.5376872960812,Servo 0.0.1-6377706,3297.881105565493
4c3d068f942231dc905ea283e4f82bd70801c37c,2024-09-14,130.0.6715.0,145.9648921730435,132.0a1,213.50915215138235,1.0,5465.390843901019,203 preview,769.2762231854234,Servo 0.0.1-03abf77,3299.824150759192
a8c39a102fc211f67dfc4dec645f7cd37538b998,2024-09-15,130.0.6720.0,144.01528081750192,132.0a1,216.72559576189806,1.0,5467.325769753998,203 preview,773.3015791348029,Servo 0.0.1-6a3cdc4,3276.879553165434
4a6d5cba8f92837181c19cc23af919b96d3e43b2,2024-09-16,130.0.6722.0,177.13551541013604,132.0a1,213.9771867232156,1.0,5775.414705844205,203 preview,742.0754793683534,Servo 0.0.1-9f2306f,2901.950672648963
17a5786b78d61758cece73aac30ce2ea5909f163,2024-09-17,130.0.6722.0,177.5405724416822,132.0a1,213.46453508376524,1.0,5776.1751918280415,203 preview,735.8025081163046,Servo 0.0.1-9f2306f,2894.733958066527
efc196ab640e35d9663aa91adc20705f2a4920ad,2024-09-18,131.0.6725.0,177.21325253757675,132.0a1,213.59256308023677,1.0,5740.8129453358315,203 preview,742.1229488327615,Servo 0.0.1-f8e0fde,2901.816046189071
0a477cb81a95bae2aaa1a494efdce8dd8c5cd6de,2024-09-19,131.0.6727.0,179.8384972204301,132.0a1,214.90498811304582,1.0,5737.059620974219,203 preview,745.8419691738429,Servo 0.0.1-7eda58e,2944.8619926593074
5a2cfec4558912fd7896472593d420054ae967ff,2024-09-20,131.0.6729.0,182.85271434821044,132.0a1,215.1856820190007,1.0,5771.656604137392,203 preview,748.2448667029875,Servo 0.0.1-05b2aa2,2946.520745337724
8e164c249d2b93a4234a2710a5e2cc5a16fab499,2024-09-21,131.0.6730.0,180.1574779761568,132.0a1,214.67613948979573,1.0,5716.3706779124595,203 preview,746.2197631299542,Servo 0.0.1-457d37d,2979.262286752934
8e164c249d2b93a4234a2710a5e2cc5a16fab499,2024-09-22,131.0.6730.0,182.15850701800449,132.0a1,213.6573503457456,1.0,5726.657180994762,203 preview,748.2759913832597,Servo 0.0.1-24ad2a0,2976.2982506793905
4f0be15407bc43827edcdda8bc1b30a3875c9447,2024-09-23,131.0.6735.0,184.5171003433788,132.0a1,212.9985351236525,1.0,5756.48139296583,203 preview,746.4803505739551,Servo 0.0.1-24ad2a0,3000.771953604981
47999dca71ee583c01875e3a8793acd0411c9766,2024-09-24,131.0.6736.0,190.40119550684543,132.0a1,210.95374975411852,1.0,5839.8820897295045,203 preview,745.8422771409158,Servo 0.0.1-d3d6a22,2992.0273611584335
4ab21375993d50340f1d05d6743bf5da889caf35,2024-09-25,131.0.6739.0,186.15063625175014,132.0a1,211.11062303574042,1.0,5836.124304013687,203 preview,743.9315333396692,Servo 0.0.1-d3d6a22,2990.8013504364862
30fc634d561c33720c78570e8b85a5360fa2faf6,2024-09-26,131.0.6741.0,184.03669677720043,132.0a1,212.27068280049875,1.0,5833.0051132675235,203 preview,751.5115623309821,Servo 0.0.1-2c6d9a1,2988.970826810954
dbf4b1c0813c0ff6bb522dd93becc44b2cd2a379,2024-09-27,131.0.6743.0,186.57104682934659,132.0a1,209.55206904360708,1.0,5834.858875288073,203 preview,750.5269715045772,Servo 0.0.1-a97afeb,3015.0382443296894
7943e5ec3d34576e69011e20cde825d3c2d64013,2024-09-28,131.0.6744.0,184.7943813251874,132.0a1,208.73351956359645,1.0,5837.037145693161,203 preview,745.5383067777667,Servo 0.0.1-fa05214,3033.2217687069706
03c258eab4bb0dc037d0b3822049cada69a49427,2024-09-29,131.0.6745.0,186.9515001492949,132.0a1,208.77518623026313,1.0,5849.700757641216,203 preview,747.386366043813,Servo 0.0.1-c1931ee,3011.4899705581392
87eb4ef23c89602c155882f6d6814c44d142c468,2024-09-30,131.0.6749.0,186.79287637807062,133.0a1,208.22317431170188,1.0,5849.327237315192,203 preview,748.2869814284285,Servo 0.0.1-c1931ee,3019.644327520219
1796ea251db6499e4d41755b412feaea495f2455,2024-10-02,131.0.6753.0,189.12352081692723,133.0a1,212.56254668035817,1.0,5844.234895740472,204 preview,742.0059394032369,Servo 0.0.1-022a95a,3156.317069610493
a18606c329a8aeb71906b885904a67ed5e7a03e7,2024-10-03,131.0.6755.0,188.14145462730292,133.0a1,209.01785227214165,1.0,5837.43964470589,204 preview,745.7491589330909,Servo 0.0.1-e534c7d,3183.658816371245
f36843386427263dafecbbc993fc184c09c38239,2024-10-04,131.0.6757.0,186.91728757295942,133.0a1,212.48259487389828,1.0,5726.994099686149,204 preview,750.2377652303275,Servo 0.0.1-c7a4e4f,3160.1595349313757
9448ab31f11e671a8b069e3407b4f6279bea698e,2024-10-05,131.0.6758.0,188.68439857333095,133.0a1,211.77723773104117,1.0,5722.455831381236,204 preview,755.5231368902887,Servo 0.0.1-e1eca71,3176.3769246399247
11c69780a675c377b5bb81ed4e862a31ff2d2111,2024-10-06,131.0.6760.0,189.64172448550323,133.0a1,210.42869438877128,1.0,5711.781860717052,204 preview,753.9472714124937,Servo 0.0.1-20eb927,3186.32662682976
f27723cf73a143a0ffea126c01095f4a32238d17,2024-10-07,131.0.6763.0,188.54040600112023,133.0a1,213.24345075643464,1.0,5684.858177819459,204 preview,756.0758148325016,Servo 0.0.1-20eb927,3189.133644662884
9eab5122732d1b0178b6741d69b84616350cfb92,2024-10-08,131.0.6765.0,184.90140893136382,133.0a1,212.90819465018134,1.0,5709.440116659913,205 preview,755.7611702796992,Servo 0.0.1-f8933a5,3208.7158227236414
98327f00c85266f88ebca52037314cf8ceea6329,2024-10-09,131.0.6767.0,193.15201341805,133.0a1,214.09466844542925,1.0,5706.458512772451,205 preview,757.3467948053292,Servo 0.0.1-d200557,3201.3564559741726
0ca2856475e2d067f7f2523ffb30de965c28d14a,2024-10-10,131.0.6769.0,194.23728378479566,133.0a1,212.03293408439217,1.0,5698.550398054171,205 preview,755.8887454159221,Servo 0.0.1-a2b2701,3221.2963686210082
280d04eaabed08d430d12c8af971b0b56f32310f,2024-10-11,131.0.6770.0,196.80325787903396,133.0a1,212.78519871771687,1.0,5699.907709531823,205 preview,760.1887504567053,Servo 0.0.1-0c47201,3236.6276173225524
c7076ab2397dd3dcf0bb93dc304d05be04cd2a47,2024-10-12,131.0.6770.0,195.76820451565473,133.0a1,210.0093498351851,1.0,5655.764542169436,205 preview,759.780010771784,Servo 0.0.1-febe7de,3237.492619137333
c7076ab2397dd3dcf0bb93dc304d05be04cd2a47,2024-10-13,131.0.6770.0,195.76923355750242,133.0a1,212.58934983518512,1.0,5628.601701076132,205 preview,759.280010771784,Servo 0.0.1-e5e1ef9,3245.72825729222
39a90c06cb7f6a756ce21543b1cec2f792c3ee08,2024-10-14,131.0.6777.2,194.13987805301286,133.0a1,213.4156165912173,1.0,5639.6786186942245,205 preview,758.3082854063147,Servo 0.0.1-e5e1ef9,3254.0485205940686
100f9048d8f8e318e70cc66af3004afaee24f532,2024-10-15,131.0.6778.2,194.58541137801075,133.0a1,210.82299411773178,1.0,5625.103827889619,205 preview,758.8082854063147,Servo 0.0.1-717baff,3162.931534119863
00e1df7e329f3d11b91d7b2e11a2db63bbd98ef9,2024-10-16,132.0.6780.0,199.59719461293184,133.0a1,224.85305163445992,1.0,5758.6803735268895,205 preview,758.5210486899549,Servo 0.0.1-2f1862a,3178.840210048032
9a1f194b93ab04b266e38facc95fb2a85a54f7e2,2024-10-17,132.0.6781.0,199.7638612795985,133.0a1,225.34468927292156,1.0,5742.8516050551625,205 preview,762.7480103178947,Servo 0.0.1-ed959d7,3174.2186734705347
f045090e93242202f84b55fc7e53542b80f2fe32,2024-10-18,132.0.6784.0,110,133.0a1,165,1.0,3387,205 preview,592,Servo 0.0.1-fc56926,1520.9511848284228
5a9d9349a312e12a950d5f4703cd41609a06f242,2024-10-19,132.0.6786.0,110,133.0a1,164,1.0,3382,205 preview,605,Servo 0.0.1-41fd39a,1527.345144711587
5a9d9349a312e12a950d5f4703cd41609a06f242,2024-10-20,132.0.6786.0,201.2653076374913,133.0a1,229.00688057251642,1.0,5723.71932141262,205 preview,752.0367046343309,Servo 0.0.1-a008b6f,3173.3669687365773
517a9605e5e07afe4eda71d3f00399e1b3b0bfe1,2024-10-22,132.0.6791.0,204.51181926539826,133.0a1,227.0387853344212,1.0,5735.676782274622,205 preview,754.0850799149642,Servo 0.0.1-4d11b2d,3206.202444610658
b8c2618da54e77ddb48936d0e333c03ec96f9811,2024-10-23,132.0.6793.0,205.82709561907393,133.0a1,228.7622377153736,1.0,5735.8411904255145,206 preview,749.4439686614395,Servo 0.0.1-ebfea9b,3208.8887340947076
88831ee6202f4f23bc0e5601fd359de2ffe063f2,2024-10-24,132.0.6794.2,204.9521060889074,133.0a1,226.67631130222037,1.0,5743.140482576336,206 preview,747.6876862535798,Servo 0.0.1-6fdd5ce,3186.7203729688727
8be9ad55c941b65de8bc725fdc72eabca737ba43,2024-10-25,132.0.6797.0,204.13304889498426,133.0a1,223.55040168904532,1.0,5736.416750601697,206 preview,748.2582416667218,Servo 0.0.1-d74b078,3190.14008235873
73d6bd0d61f0ad5341d0c2303a7638e3aa12a594,2024-10-26,132.0.6799.0,202.34414387568205,133.0a1,224.56916844507748,1.0,5733.070956010551,206 preview,748.490995362107,Servo 0.0.1-f05f1b3,3200.770120034878
73d6bd0d61f0ad5341d0c2303a7638e3aa12a594,2024-10-27,132.0.6799.0,202.34414387568205,133.0a1,226.30131130222034,1.0,5718.4615801388645,206 preview,747.7767055310009,Servo 0.0.1-f05f1b3,3206.0993172240096
a1d1d39e2cae42be8423d314d386e3ed4d4c3402,2024-10-29,132.0.6806.0,203.51081054234868,134.0a1,223.242977968887,1.0-205155a7ab,5695.212769400012,206 preview,751.3806233980326,Servo 0.0.1-10aa485,3207.230023265374
59f42dd9cc1aefa9b7f845c1cecf6625441a1383,2024-10-30,132.0.6808.0,205.66311299726968,134.0a1,225.63440282682438,1.0-760943d584,5576.870665899271,206 preview,753.2467142510405,Servo 0.0.1-a501572,3212.9779791124984
6c7c4003dba847b63e16083a0b7b8f473d9ad7e1,2024-10-31,132.0.6810.0,93.1191120972602,134.0a1,60.94485464449021,1.0-6708251968,2278.674345232521,206 preview,155.15670545230014,Servo 0.0.1-bac1101,11025.634602147149
b4899d9818c981543ca844554733a576a1f37ece,2024-11-01,132.0.6812.0,204.70336325148233,134.0a1,226.3615213111569,1.0-aeab342fd7,5533.122005589845,206 preview,749.8991333294113,Servo 0.0.1-62c7951,3216.6391825163896
d2f2efe271ae2fa661c52ed2fe8564e21ad4036f,2024-11-02,132.0.6813.0,206.289015291967,134.0a1,225.28254454618818,1.0-c042971293,5635.589601957168,206 preview,751.3711588378985,Servo 0.0.1-0d7fa75,3247.223385213117
a396ad103b076a2df5e5f7c57f95986a45c961be,2024-11-03,132.0.6814.0,205.56341436623202,134.0a1,225.29297796888704,1.0-64747c0397,5710.6671444816975,206 preview,751.5363749337549,Servo 0.0.1-a3fda38,3274.501416683599
71bc66fcf1f521e9142d6382f602eead8d11f5fa,2024-11-04,132.0.6817.0,207.05785181949753,134.0a1,224.23652131115693,1.0-6bc339b737,5706.459221043044,206 preview,752.7844921712319,Servo 0.0.1-b22c077,3290.7005231756675
1b56d89a261b86dedfd2854b53c1732e435f1f57,2024-11-05,132.0.6821.0,208.3107062637709,134.0a1,222.75374392275273,1.0-f7dfe03cf6,5869.518591081506,206 preview,750.9753825965839,Servo 0.0.1-5d1d3d6,3306.093169783878
877d18df86bb73b9b0f591eb0a56f38206d4b185,2024-11-06,132.0.6823.0,207.90266336832852,134.0a1,223.83370058986455,1.0-f61a41d7a6,5847.78139015722,206 preview,754.3362595345684,Servo 0.0.1-537958a,3313.653508277903
4537d926e08354da3b10beb278a38fdedfa13137,2024-11-07,132.0.6824.0,207.7857062637709,134.0a1,224.1629582178487,1.0-41a812156c,5863.234952992968,206 preview,753.002926201235,Servo 0.0.1-756c249,3310.5415674596397
7b542308b66f77878714f851a8baac291ee2a39e,2024-11-08,132.0.6827.0,210.6002852093499,134.0a1,223.99820131103604,1.0-4ae1bca67d,5884.750283263925,207 preview,751.5999996400603,Servo 0.0.1-48d193c,3311.5717412665635
8686b7a6d288d3b2c22b5ddb5a21773619b22b85,2024-11-09,132.0.6827.0,211.2321472034773,134.0a1,224.53884474267142,1.0-72320be124,5875.631642030621,207 preview,751.0251891528164,Servo 0.0.1-4f6283d,3309.3638535897767
b6fb1078b99e2afb42f587d06712b1901e303a5f,2024-11-10,132.0.6829.0,210.76695187601655,134.0a1,236.66820131103606,1.0-9ee7d4d90a,5914.919981164127,207 preview,763.4037109782131,Servo 0.0.1-da462d0,3217.8457733934097
47ce54c6931efcac7e98a933363fdf097b0b1085,2024-11-11,132.0.6832.0,210.30370477845406,134.0a1,236.68696806706822,1.0-7efc89e92b,5922.97602469434,207 preview,762.643591930594,Servo 0.0.1-dcb9058,3213.956177334842
2b25844f7ef4ca0940d13daa9502a465b0681c25,2024-11-12,132.0.6834.0,265.24434240327304,134.0a1,313.46696806706814,1.0-b6a5b7e186,2832.5766815270454,207 preview,1096.216036186482,Servo 0.0.1-72971bd,7117.325691536517
152ce7bb8a35f2556fbdee5a6021edab69709ba5,2024-11-13,133.0.6835.0,212.13297476602023,134.0a1,238.1290115285635,1.0-4dd14d812f,5863.501116763289,207 preview,765.0865570897245,Servo 0.0.1-8801698,3249.1070027851724
d0fa23bcb3d6c3d73f6bd3e65608f715b9169025,2024-11-14,133.0.6837.0,214.47840197228527,134.0a1,241.83379155118206,1.0-c747b1c6b5,5851.669052940331,207 preview,765.4629818430074,Servo 0.0.1-5e7664b,3260.2662397003883
a6ab90e6d1652a7d2280796961a802c259027834,2024-11-15,133.0.6838.0,214.08389690272662,134.0a1,241.45274820891217,1.0-c0ae3aa884,5828.819175867864,207 preview,762.5612945660293,Servo 0.0.1-3fd1a22,3257.713141624162
6cf69a4f431581e9438681abc776029308ee8a8c,2024-11-16,133.0.6838.0,214.0481730421368,134.0a1,242.20009256399112,1.0-98dadb0ce6,5791.899180276109,207 preview,768.1087249791713,Servo 0.0.1-495cceb,3260.0988122613962
577bbc90555b690f61071a2a42853d14c98c3b25,2024-11-17,133.0.6842.0,212.08259651260957,134.0a1,243.86052598668996,1.0-b264d18ad1,5799.099396616487,207 preview,765.7208183755532,Servo 0.0.1-ee63174,3268.3703567414263
d639d949a473d412a3557eab71eba43a58420f3f,2024-11-18,133.0.6844.0,215.19218084985985,134.0a1,242.94696923959432,1.0-e28e4f6700,5784.5752745300415,207 preview,767.678516645838,Servo 0.0.1-dca33f6,3275.409441944397
a31f0188c9e7c806f98101707ad2bdf11f56234d,2024-11-19,133.0.6847.0,215.6303254741552,134.0a1,242.6334266078079,1.0-ed409eacf5,5770.6222177962145,207 preview,763.0320248397718,Servo 0.0.1-f71f38b,3303.6534805269225
f7ae3a9bb320a9f5f253cba0b73e5f1a2d8ad377,2024-11-20,133.0.6848.0,214.29978179374558,134.0a1,248.6118265184424,1.0-63a5717bc7,5804.340454294553,207 preview,765.3291576714792,Servo 0.0.1-caf2467,3291.979459600271
53c06dc624d2e8ed7c2de69710183a5fc0e6c9b1,2024-11-21,133.0.6850.0,217.94286543399576,134.0a1,249.07684831809917,1.0-8614e0f856,5704.623212640446,208 preview,766.3946729528234,Servo 0.0.1-c73e4ba,3317.599262046082
c27cc4faeeb1b4b5ce7f98e29a7f4aba5d6ac6ac,2024-11-22,133.0.6853.0,220.73917674347433,134.0a1,251.01367934513607,1.0-9a7c9286c4,5705.796682099786,208 preview,764.6220366017715,Servo 0.0.1-527e2d4,3325.124735427673
6d461cc41e1a9951e1991a94f651e389b0ca24ba,2024-11-23,133.0.6853.0,219.5651422116938,134.0a1,250.3909732614051,1.0-8aaa9324b2,5637.9763609265,208 preview,766.8547746970094,Servo 0.0.1-67012a5,3336.6876500417657
6d461cc41e1a9951e1991a94f651e389b0ca24ba,2024-11-24,133.0.6853.0,219.0094479059995,134.0a1,251.19234866593584,1.0-7b389ca221,5603.643355266771,208 preview,768.1128718630013,Servo 0.0.1-9542466,3344.4097137190442
d6ea893fddc33c9215d0a1c9b06066ff6a4d1bba,2024-11-26,133.0.6860.0,217.48185643607025,135.0a1,250.35469736208555,1.0-0d635100c4,5592.799733345868,208 preview,768.5310697840116,Servo 0.0.1-c11e0e8,3395.1035012732145
6ad7a2e30f54e5f2a6e766e5e717b2c5ceeb5d99,2024-11-27,133.0.6863.0,220.813800447267,135.0a1,250.5103537168683,1.0-a74954e145,5596.185096817208,208 preview,770.3406930625206,Servo 0.0.1-63793cc,3402.5457689693267
bc6fbf467e196c4f03484768c494284c8a9c3dd4,2024-11-28,133.0.6865.0,219.79182394583975,135.0a1,251.48513693811975,1.0-aeaa284be3,5590.777489407016,208 preview,770.768812597619,Servo 0.0.1-d65a2e9,3397.9280060991055
643af85eb6c918e4a78ab91ad213a5421098a328,2024-11-29,133.0.6866.0,219.04172553097843,135.0a1,253.0224818925354,1.0-f2a406f8cc,5561.183160055691,208 preview,767.7538414979823,Servo 0.0.1-9168375,3398.726190772697
76dfa54e5df7f8cee7501cc6d598cf647c2b8564,2024-11-30,133.0.6868.0,215.4276904432591,135.0a1,250.83795808301153,1.0-9648c83b7d,5546.579619149021,208 preview,769.486445822412,Servo 0.0.1-16da1c2,3411.22823634614
76dfa54e5df7f8cee7501cc6d598cf647c2b8564,2024-12-01,133.0.6868.0,216.4276904432591,135.0a1,252.33795808301153,1.0-f4cc9c6426,5548.7706601684495,208 preview,771.777354913321,Servo 0.0.1-096439b,3404.6297578389676
48178346fe87222856812842fb7af7b01baa1530,2024-12-03,133.0.6875.0,214.25029991600266,135.0a1,252.31919132697936,1.0-163b8a69e3,5549.953973749652,208 preview,769.382460825698,Servo 0.0.1-e9c7c04,3427.519266157974
79ce401809a5531e21e197481125ed26cfb3b994,2024-12-04,133.0.6877.0,216.00730917048088,135.0a1,251.00462474967821,1.0-9c63785d0f,5521.544872031202,208 preview,768.4818858588692,Servo 0.0.1-ad448da,3438.603164312454
79bdb1b12acd159e80b2186b3180d459734ba999,2024-12-05,133.0.6879.0,216.85982423022054,135.0a1,250.2516082773257,1.0-21e6db6ba4,5513.794788291579,209 preview,766.4824810969645,Servo 0.0.1-9028c8c,3420.316742057314
7b6f075f0ec3c52d92c61fb9f35ce0ec927b17b2,2024-12-06,133.0.6881.0,218.44496605849045,135.0a1,251.31126428372062,1.0-6260e18de6,5503.945992814322,209 preview,768.9860421863018,Servo 0.0.1-97f486a,3467.15982456445
7b6f075f0ec3c52d92c61fb9f35ce0ec927b17b2,2024-12-07,133.0.6881.0,217.97829939182378,135.0a1,250.52912142657775,1.0-4c6cb13f7f,5508.230257986805,209 preview,766.578267454411,Servo 0.0.1-61ca2dd,3465.4502513709103
5741daf1cb7b2654f5c2bb0520f9f3d9e5d4cfb0,2024-12-10,133.0.6887.4,216.88681901883348,135.0a1,253.64945942191574,1.0-e4fb25bf63,5591.509958347884,209 preview,776.6858243902287,Servo 0.0.1-af8f35f,3339.4426639942944
92db8211bacc6ccb33f5b3aa86f12ddd1cbb2283,2024-12-11,133.0.6888.0,217.1189265940789,135.0a1,251.41612608858242,1.0-e7ef8da7f3,5520.8980967175075,209 preview,779.0790436806442,Servo 0.0.1-2f64dde,3455.658530330865
26b18ca2ebabc7e74d3b84c82542187cddbc29ed,2024-12-12,133.0.6891.0,218.45928969001082,135.0a1,250.2560391943551,1.0-7ee3727074,5512.103855239351,209 preview,770.8920936288844,Servo 0.0.1-2f64dde,3471.320062351298
8f41c4f07f63f94c22109042a1a19dc31848375f,2024-12-13,133.0.6893.0,219.83452984386025,135.0a1,252.77198480549546,1.0-e318316af7,5514.409919281723,209 preview,771.8920936288844,Servo 0.0.1-84c59e0,3460.922994417314
38623a53d6598cb7aab4be8a810102b352a652df,2024-12-14,133.0.6895.0,218.19822395095053,135.0a1,253.37270586102179,1.0-ea469fbeab,5519.615172463175,209 preview,773.2559329145986,Servo 0.0.1-53612da,3462.0873666788616
38623a53d6598cb7aab4be8a810102b352a652df,2024-12-15,133.0.6895.0,222.19822395095053,135.0a1,253.53937252768844,1.0-40bf8dde88,5523.822333196656,209 preview,770.0606722978401,Servo 0.0.1-41030ea,3473.507785826939
441d9bfafda626484b081e3cd4964489e9608ca2,2024-12-17,133.0.6902.0,220.0006260933227,135.0a1,255.09326787427855,1.0-6fd7b9b6b9,5237.251716544471,209 preview,772.8112502325025,Servo 0.0.1-a37a9f6,3528.4603696048816
87fa63514d61ba0aa4c3be23cacac43be48e5806,2024-12-19,133.0.6905.0,222.77223591499643,135.0a1,255.12696133885848,1.0-8620a2af47,5242.658396868976,210 preview,787.7023614860273,Servo 0.0.1-4ddcba2,3500.2687589914076
482f155ad08b0fea2ff0397ca00a7e71547df84a,2024-12-20,133.0.6907.0,221.22223591499642,135.0a1,254.450770862668,1.0-30d915c361,5236.450131632803,210 preview,784.3625075523103,Servo 0.0.1-4ddcba2,3506.655803283449
979291d49c1a8e3d811df117d9e6b5d399a6deb2,2024-12-21,133.0.6909.0,230.30025474446515,135.0a1,257.9653374399692,1.0-4d9f17eddf,5171.581185618149,210 preview,805.6929069059245,Servo 0.0.1-61bfd2f,3518.636850054868
dda5022b5f143e3ea4d82800ae2e9a2e98374e40,2024-12-22,133.0.6911.0,230.04140518694302,135.0a1,255.49867077330248,1.0-673537b26b,5196.716102993694,210 preview,806.4361608995557,Servo 0.0.1-1d5aac8,3521.1018128821743
32f43fa72ba90b4269b5c485909210761cb70b20,2024-12-23,133.0.6914.0,230.48568816716397,135.0a1,256.59748087160455,1.0-910ff8b694,5197.6270531614,210 preview,809.385128985733,Servo 0.0.1-1157fa2,3515.5301053409676
6efc8afc8a0e1ad401005fac848098b7759e62fa,2024-12-24,133.0.6915.0,232.97882151167457,135.0a1,257.2436280055251,1.0-910ff8b694,5202.13695234821,210 preview,807.6919471675513,Servo 0.0.1-2ab66ce,3529.7334695104582
e8ba63bc89b804dda46d77a70bd81ec349248138,2024-12-25,133.0.6916.0,230.3014309844181,135.0a1,256.8272422018739,1.0-7cd6ea6f33,5170.933150036226,210 preview,806.434912626346,Servo 0.0.1-3a89163,3540.958370532882
8dec23b17f1ca6b3e9cf721d0676ac9f7bc94121,2024-12-26,133.0.6919.0,230.64548817834122,135.0a1,255.55577347499823,1.0-062e33438e,5187.347797403674,210 preview,806.4440546321588,Servo 0.0.1-1e95712,3522.668170675744
fe46e85bef1394a0ea95460fa25c9cbe1207cecf,2024-12-27,133.0.6921.0,231.28560617244153,135.0a1,255.41029467219184,1.0-ffda698d3a,5177.943906853996,210 preview,810.351937594367,Servo 0.0.1-5f927a2,3520.0062791312453
8fcb1f1e9519117f68699b8257c6b79d0f6e70e8,2024-12-28,133.0.6922.0,230.37663270928823,135.0a1,255.5986707733025,1.0-48a4cc9ba3,5164.030000204248,210 preview,810.5909694571121,Servo 0.0.1-08a3e61,3528.9592545037467
8fcb1f1e9519117f68699b8257c6b79d0f6e70e8,2024-12-29,133.0.6922.0,230.37285955584665,135.0a1,256.04033743996916,1.0-79da6d48c1,5183.005576753412,210 preview,810.190969457112,Servo 0.0.1-a9539d8,3528.9452900899337
58c1148991566b4b3454edac0f9a8e11010e20b2,2024-12-31,133.0.6929.0,230.4371548450079,135.0a1,256.40910419600135,1.0-35b636acb3,5177.015298708622,210 preview,808.9964754094931,Servo 0.0.1-1296c71,3535.0975634598744
