sha,date,chrome-version,chrome,firefox-version,firefox,safari-version,safari,servo-version,servo
ddb0338969cef9eff524930e62b2092f57089ca3,2024-01-01,122.0.6182.0 dev,272.45243773036,123.0a1,293.86774303527136,185 preview,1063.5428118267625,Servo 0.0.1-f08ba0f,15326.545335179948
7dac8f99479ebe6835ab0eb38ce242cc0ad6be26,2024-01-02,122.0.6182.0 dev,271.53568098983277,123.0a1,291.4570287495571,185 preview,1060.5879420199628,Servo 0.0.1-f08ba0f,15338.472152101784
7c6e57968932c49879182ae0fbbe1a949484ccee,2024-01-08,122.0.6226.2 dev,270.78568098983277,123.0a1,288.4973093023376,185 preview,1063.560210654711,Servo 0.0.1-c219204,15348.824176942671
7f564156b7e55b6300f795efcbeff8d63fb96004,2024-01-09,122.0.6226.2 dev,269.9296203837722,123.0a1,288.64428732431566,185 preview,1062.6005640476508,Servo 0.0.1-c219204,15361.318502016875
0e6b5f34dd14802b51ba7587d4e32c818ac84101,2024-03-04,124.0.6338.0,290.9011962177662,125.0a1,297.928921808595,189 preview,1110.5777305180982,Servo 0.0.1-50fdb82,15080.22553022353
5e9955028082d111b566d19c4f72b06d07737dd1,2024-03-05,124.0.6339.0,290.61400215523474,125.0a1,298.9811349250895,189 preview,1090.9058582282894,Servo 0.0.1-50fdb82,15071.34318163349
fe171e2303895261ce353a580d39787894220aec,2024-03-12,124.0.6354.0,301.60165677493734,125.0a1,300.32085090046587,190 preview,1160.698343201454,Servo 0.0.1-af3583a,14842.476043271281
2a5fc85b0613ad24f9b98dea72f9494a9a1ae9f5,2024-03-13,124.0.6356.0,307.61637486400787,125.0a1,303.1810615231765,190 preview,1170.07393258206,Servo 0.0.1-d1fd8d5,14840.912554718025
f1adc2b2b78766d0dda7c2aae82e2e6fbc2b8b99,2024-03-14,124.0.6358.0,303.28687486400787,125.0a1,301.26828679790174,190 preview,1170.9542180050976,Servo 0.0.1-0fda142,14848.093572274409
ddf5b1d83d7bd893030f1761af17deab9d9881c1,2024-03-15,124.0.6360.0,304.519054493662,125.0a1,302.70221432062004,190 preview,1170.218163585748,Servo 0.0.1-f3a73db,14831.341400963507
2e2393b64365757d0814f7d4c31b1934f0b7516e,2024-03-16,124.0.6361.0,303.1485251504263,125.0a1,303.2953461887519,190 preview,1178.7192594063395,Servo 0.0.1-bc4f1c2,14800.168633729905
2e2393b64365757d0814f7d4c31b1934f0b7516e,2024-03-17,124.0.6361.0,297.9818584837596,125.0a1,302.3953461887519,190 preview,1182.2025927396726,Servo 0.0.1-8cfc6a1,14751.201763331113
4e9fdca2ca735395ba31e9d82ff0718c406f16ea,2024-03-18,124.0.6366.2,301.11771139231894,125.0a1,302.0599524158581,190 preview,1180.286304928522,Servo 0.0.1-8cfc6a1,14757.800160950437
9b7f6daa78fbbe7a25948bf52e5b75d92b706567,2024-03-19,124.0.6367.0,305.5946745571729,126.0a1,303.8060604744662,190 preview,1179.1695981033354,Servo 0.0.1-99ddab4,14777.570011028467
e690f9cd2ee2d2d70e7a812d069b974aace5ef23,2024-03-20,125.0.6369.0,305.72898350968825,126.0a1,303.2797784231841,190 preview,1177.9039244008065,Servo 0.0.1-228f4fb,14779.793478949941
88149528a94fdf769c29e129f8979859e39c339c,2024-03-21,125.0.6371.0,305.9214144839128,126.0a1,304.23939380779956,190 preview,1180.2285160249528,Servo 0.0.1-0cf2cab,14737.46501031469
aab5ae6d81b0bd2b2ad3a9553de9d3da2f2bf675,2024-03-22,125.0.6373.0,302.86342775509803,126.0a1,306.789647207368,190 preview,1405.6169272963195,Servo 0.0.1-2789e98,14549.882374869303
6013998d51498bea785fbf3d79ae10f06bb9c84e,2024-03-23,125.0.6374.0,305.7423866295569,126.0a1,302.64003483344055,190 preview,1182.5441088673492,Servo 0.0.1-0b863de,14696.57112965088
6013998d51498bea785fbf3d79ae10f06bb9c84e,2024-03-24,125.0.6374.0,305.7406009152712,126.0a1,304.59182054772623,190 preview,1181.8127123332006,Servo 0.0.1-e22b61c,14699.230318647498
1a25adc1c9dda7890fbd008e69f524381e45724e,2024-03-25,125.0.6379.0,307.93709297876325,126.0a1,300.48238831329405,190 preview,1180.1960456665338,Servo 0.0.1-e22b61c,14697.714196512215
685a2abda4b932365a08c6c8e2ef17b9f30dc442,2024-03-26,125.0.6379.3,307.2763469504038,126.0a1,301.6956667015724,190 preview,1185.3782678887562,Servo 0.0.1-5808157,14712.384376501204
acabb88c580459224955c8c0fa0bddd6fd701f30,2024-03-27,125.0.6383.0,298.8003866295569,126.0a1,296.8206667015724,190 preview,1426.4706921311802,Servo 0.0.1-5808157,14475.908278883922
6a072aeb9fcbaa56cab5e168cba7b706268c4d05,2024-03-28,125.0.6385.0,306.2977353913084,126.0a1,304.6114885141684,191 preview,1185.7056858881815,Servo 0.0.1-92b5578,14682.480566868877
f8ae9c745b6250265ab2a83b093d9a151091c3d0,2024-03-29,125.0.6387.0,301.3691482815468,126.0a1,304.87091160831335,191 preview,1178.708603057421,Servo 0.0.1-072b892,14691.941655144756
16f18d8135a80e89f2e910ca7548999fa2f7937e,2024-03-30,125.0.6388.0,299.2580983889665,126.0a1,305.26282716606204,191 preview,1183.8190288489548,Servo 0.0.1-2d5a1cd,14691.43935243416
820b6449e01db26e2074e318388f480c7d6d957c,2024-03-31,125.0.6389.0,301.38549729607035,126.0a1,307.2006476788825,191 preview,1183.1700171625296,Servo 0.0.1-92d9081,14681.581919148892
3602a64862023f9a863fb0ec0f8f6f47834d8c6e,2024-04-01,125.0.6392.0,299.71883062940367,126.0a1,305.68157716606197,191 preview,1181.883321256097,Servo 0.0.1-fff9ef8,14675.421932151075
7b53a7e5c36c83728d6a7dc6ca0c39093f5f3cb3,2024-04-02,125.0.6395.0,303.26562860920166,126.0a1,303.42116049939534,191 preview,1185.3547544036223,Servo 0.0.1-00c4d79,14684.122365665185
4eb1146e69a52f0c98b68bf1ab051730b1c2b03d,2024-04-03,125.0.6397.0,303.4205126071781,126.0a1,304.2556843089192,191 preview,1184.1808068355263,Servo 0.0.1-da3991c,14674.543111433037
fb0918ddcfa6cb7d76f37b8801350a0e941d3017,2024-04-04,125.0.6399.0,304.07576714734483,126.0a1,302.67564767888246,191 preview,1186.8211971708724,Servo 0.0.1-cc082ef,14696.349326436906
e733e65472186b2067abe92088c26a62d2332b06,2024-04-05,125.0.6401.0,306.55649000003143,126.0a1,304.09616049939535,191 preview,1189.6665562303945,Servo 0.0.1-1ed6b96,14715.365606052965
b73a0a32890ff293961eb55bb90ba57a5a711f48,2024-04-06,125.0.6402.0,308.2978944909516,126.0a1,305.00689888116904,191 preview,1183.7506589797474,Servo 0.0.1-f902a9f,14642.481030326853
874514c9bbfd4ddb7fb0df437f533c27d9a72649,2024-04-07,125.0.6405.0,304.92003687016245,126.0a1,302.8709283273677,191 preview,1186.3464440166283,Servo 0.0.1-1ffa61a,14636.594880505554
4efc21ca79825ef2538c2dd703dfd57d91559a7f,2024-04-08,125.0.6406.0,303.8637870286663,126.0a1,303.6625949940344,191 preview,1186.182078532149,Servo 0.0.1-05f1bbf,14626.849148908015
4efc21ca79825ef2538c2dd703dfd57d91559a7f,2024-04-09,125.0.6406.0,303.780453695333,126.0a1,304.0587488401882,191 preview,1185.4943298517235,Servo 0.0.1-ddbec46,14628.613177597563
321b4a774e2a8a10d7884bbc57cb9cc101140579,2024-04-10,125.0.6411.3,305.398158428522,126.0a1,304.56701506026957,191 preview,1187.0612628102017,Servo 0.0.1-b79e2a0,14630.44958252449
f95204fd4e0b4bba4c6c28a67958992791a28708,2024-04-11,125.0.6413.0,305.97643860909574,126.0a1,305.2151590965984,192 preview,1187.4388893576263,Servo 0.0.1-245269c,14656.936625174281
4013b5285c0977d16542695ae2ed47184730f331,2024-04-12,125.0.6415.0,303.9881256416367,126.0a1,307.4730345544739,192 preview,1185.6025559402688,Servo 0.0.1-d9f067e,14669.204507284518
daa07cf3c47652ed67e637f2a39bbc34f91cfe10,2024-04-13,125.0.6416.0,308.2484560100152,126.0a1,305.0102140416534,192 preview,1192.1470003847135,Servo 0.0.1-10ec856,14660.563489658965
daa07cf3c47652ed67e637f2a39bbc34f91cfe10,2024-04-14,125.0.6416.0,307.2484560100152,126.0a1,305.4102140416534,192 preview,1192.7303337180467,Servo 0.0.1-b74664d,14656.870281161056
4053ce9c00547d634c60c16155ea5ced7fc7490f,2024-04-15,125.0.6421.0,305.9920871129882,127.0a1,307.15400124586245,192 preview,1187.4803337180467,Servo 0.0.1-b74664d,14669.26269925432
b8a81e1bcd5b1a5fe7ff7d59a3ae28fa34aea17f,2024-04-16,125.0.6422.3,298.813590455267,127.0a1,336.02792628348044,192 preview,1187.667422657831,Servo 0.0.1-5083f3c,14651.024769598034
37a0f069a6d8f43bd3316bf7060344d628352dfe,2024-04-17,126.0.6424.0,302.67402085149183,127.0a1,336.264440806302,192 preview,1189.8937792469783,Servo 0.0.1-8bcb316,14655.358051070441
bb8c0991e89d6bf1f38edce2bd1af37ab3cdd81b,2024-04-18,126.0.6424.0,304.06320554976577,127.0a1,339.1065653484265,192 preview,1187.0113116891337,Servo 0.0.1-6b2fa91,14632.021413014869
55d94b616b0265a07ce054ea59767d7f3765b6ec,2024-04-19,126.0.6424.0,301.78304225821967,127.0a1,340.90400124586245,192 preview,1193.6598905005033,Servo 0.0.1-5393d30,14673.879635474075
015f19c5b653f51f2e38ebe97ec0ff62523f57de,2024-04-20,126.0.6424.0,302.3674046334007,127.0a1,341.5694774363386,192 preview,1184.6131876163868,Servo 0.0.1-21ea6d2,14688.918242381491
9b03282a99ef2314c1c2d5050a105a74a2940019,2024-04-21,126.0.6424.0,305.7116136867911,127.0a1,340.37396461582586,192 preview,1189.3196202255717,Servo 0.0.1-bcf538d,14682.808495431518
cc80c7648e780ffa19915e9f95336f989da577be,2024-04-22,126.0.6424.0,301.7353590406758,127.0a1,342.33805530667775,192 preview,1187.0939154821267,Servo 0.0.1-bcf538d,14675.825063713575
2c67022fcbacef33b1090e1eb0008e9af7ed6181,2024-04-23,126.0.6436.0,301.0073095797594,127.0a1,340.08760021632844,192 preview,1187.0854054901984,Servo 0.0.1-025a987,14673.072905950285
f90c59598faaad9c60f43fff9db4e9873c7a6b54,2024-04-24,126.0.6438.2,299.3278991504714,127.0a1,340.263740742469,192 preview,1193.025710451665,Servo 0.0.1-7ca9209,14669.023351538399
514826504bc76f0d063d8758437b4c6e49b2785b,2024-04-25,126.0.6440.0,300.13217330118164,127.0a1,339.6954038753251,193 preview,1188.8503456635478,Servo 0.0.1-2272944,14674.17331356565
6ae7875d4162f8178de4bdce3da56887bce673e4,2024-04-26,126.0.6441.0,297.6361600109932,127.0a1,338.92445502818333,193 preview,1187.420665921379,Servo 0.0.1-1440406,14679.364054888061
9687c4025746a35e803cd1a82c84f2a6dab2724c,2024-04-27,126.0.6443.0,299.62691742289667,127.0a1,337.1024312186595,193 preview,1188.0892473909091,Servo 0.0.1-81c4f2a,14693.071556990923
78709a81cc84279686438385b38572dd3ff44860,2024-04-28,126.0.6444.0,302.52984126864885,127.0a1,337.13749615372444,193 preview,1189.2433651989177,Servo 0.0.1-66563ed,14685.981973441045
8c6b479fae23badbb86e9c993f5b5fbb66e16905,2024-04-29,126.0.6447.0,301.1526054962912,127.0a1,339.3241261903544,193 preview,1189.0184463573173,Servo 0.0.1-02b3dd0,14679.671524919597
500f11b59f5417c9b29080d27ef1fd47f4b1495b,2024-04-30,126.0.6449.0,302.6269174228966,127.0a1,336.179162820391,193 preview,1187.273868257821,Servo 0.0.1-1d6be62,14685.432848582148
fc9991bceed83699c5839775d403ca8bcf7e94b7,2024-05-01,126.0.6449.0,303.4489202949794,127.0a1,338.4874961537244,193 preview,1198.30572943496,Servo 0.0.1-4715f64,14672.051128520316
43dcbc2d79c0d5c2016ceb2fd8c8122b82a617d5,2024-05-02,126.0.6449.0,305.78799817349045,127.0a1,335.2410124605798,193 preview,1196.7464361810753,Servo 0.0.1-bccbc87,14667.629743733953
480aef68cde989ecd168d2e5f5f3e8ae5e06c4a2,2024-05-03,126.0.6457.0,305.2065543308375,127.0a1,337.88625055581787,193 preview,1198.1048686374938,Servo 0.0.1-0df79b9,14689.278182101014
5e8f71d73049d4fca2a8cbc62d40e821400f1624,2024-05-04,126.0.6458.0,304.490242404232,127.0a1,341.8362505558179,193 preview,1198.6636739811336,Servo 0.0.1-160c7c0,14636.713589611882
536297144c737f84096d1f448e790de0fb654956,2024-05-05,126.0.6458.0,305.6725429506801,127.0a1,342.8243457939131,193 preview,1202.2053406478,Servo 0.0.1-d297eb1,14628.078905023662
4d7801a898f9b9e1353167bc6058b275746ba593,2024-05-06,126.0.6463.0,308.08311205637114,127.0a1,342.6859529367702,193 preview,1200.468282602801,Servo 0.0.1-ff3cd14,14630.508229293016
6fb4ec75f422768cb2e193e8ae9dc3c00cecb0bc,2024-05-07,126.0.6465.0,305.062498282517,127.0a1,340.06134317585344,193 preview,1199.046249738709,Servo 0.0.1-ff3cd14,14644.84970568279
6830aff0b4a76f5e7deaeb30f934c4571b1e126e,2024-05-08,126.0.6467.2,302.7622397000479,127.0a1,344.63952436534163,193 preview,1200.5645983625623,Servo 0.0.1-45f2433,14648.980726144115
94d64422ad14b5c7bbb3b70b195546aa929a3cb5,2024-05-09,126.0.6469.0,304.9909822416303,127.0a1,345.82791722248453,194 preview,1200.2612327408349,Servo 0.0.1-6a2e4a6,14635.68867310618
d3dfe276ddb4138f147933d9dfa64d636a41af89,2024-05-10,126.0.6471.0,305.65448450213427,127.0a1,345.74815531772265,194 preview,1197.4945618836152,Servo 0.0.1-16803bc,14642.436066976767
8f48f40aab7f7f8a8118dc1a46972d070622be52,2024-05-11,126.0.6471.0,304.4137338976142,127.0a1,345.0780393226066,194 preview,1199.952762326956,Servo 0.0.1-b5be89a,14636.929529350213
44e5053e9ef617fe12147fa0eea2f355a30d29b3,2024-05-12,126.0.6475.0,303.6152815965774,127.0a1,345.53934884641615,194 preview,1198.9481806399865,Servo 0.0.1-c2325cd,14631.670425238157
e40e7e0043824d384d9fd0a71cc6000ca75e1236,2024-05-13,126.0.6477.0,304.9189153964432,127.0a1,343.75184884641607,194 preview,1200.3690876288726,Servo 0.0.1-2904c32,14622.105134401518
915d40b37fbd3554548d5cbec9f335f329ccc944,2024-05-14,126.0.6478.0,308.78280299826497,128.0a1,344.2985521431194,194 preview,1200.9933790021694,Servo 0.0.1-3d4fd0e,14596.285172161943
74aad7dcd565974227e6c7dff5f84e6a39b967b9,2024-05-15,126.0.6478.2,309.3510707717127,128.0a1,343.3738879184553,194 preview,1200.0310953593657,Servo 0.0.1-1cd30c4,14638.626158306884
d6b7c6ecbb411463cc6525ef3ff7b2d512a8d972,2024-05-16,126.0.6478.2,306.9591584546037,128.0a1,342.30900696607426,194 preview,1199.504223337858,Servo 0.0.1-00f267e,14626.047644055248
74efa65c7009807ce0937f1c071fcce9da69c548,2024-05-17,127.0.6485.0,303.91097453460895,128.0a1,341.83519744226476,194 preview,1201.185647206139,Servo 0.0.1-00f267e,14644.03011104417
cb53e377321267af4f5a1f05b3b851aab6fa8ede,2024-05-18,127.0.6486.0,304.3128693385135,128.0a1,339.6238879184552,194 preview,1204.1976085527303,Servo 0.0.1-903c516,14653.738956655001
5e6793faa62943090d88eca7fa6390219f06832d,2024-05-19,127.0.6489.0,306.9512788260946,128.0a1,341.6000783946457,194 preview,1202.581483168993,Servo 0.0.1-5cac276,14658.229272086448
10dbaeaca47389f2c892abd3f3134d922fdde658,2024-05-20,127.0.6491.0,304.6019668994891,128.0a1,342.7173402994076,194 preview,1203.6551370294735,Servo 0.0.1-8868c13,14650.801797521679
a367d81ac597d7a6bdbb50df994618a2ebcd5a3e,2024-05-21,127.0.6493.2,304.7802878433919,128.0a1,343.24263791845516,194 preview,1209.3319183380245,Servo 0.0.1-b44d064,14630.080052567384
8463bfd9c70e4377d97ba379a9d32098df6f1a0c,2024-05-22,127.0.6495.0,299.0614907489487,128.0a1,340.6927902062855,194 preview,1206.129947935161,Servo 0.0.1-f7affae,14586.795088322457
9afafe0bc71a4276422b3f2d725ddfbf4e0225c5,2024-05-23,127.0.6497.0,304.1972689790664,128.0a1,339.3698964333917,195 preview,1216.093736360464,Servo 0.0.1-5d5ac4e,14634.045889449044
a92b1b3b74a1cb9fb9842d96af6c5d0a12711588,2024-05-24,127.0.6498.3,302.9411714180908,128.0a1,340.2389440524393,195 preview,1219.5909935824939,Servo 0.0.1-6451b1a,14620.602989717185
f2cdcb7e9550e74d07ed6cf17bbcb9643aeedb99,2024-05-25,127.0.6500.0,304.54881667802965,128.0a1,341.9088616348569,195 preview,1223.3547717498373,Servo 0.0.1-fc08bd1,14586.727365455923
abcbb64783af5b776a3c5f4e13cf4d8756217830,2024-05-26,127.0.6501.0,300.3794177709258,128.0a1,343.00767115866637,195 preview,1221.063145375655,Servo 0.0.1-373481e,14617.775601786328
a19ee99959371190fd4d937bc3c73e7b5218702e,2024-05-27,127.0.6501.0,302.50526897906644,128.0a1,342.19846786196314,195 preview,1222.104842838084,Servo 0.0.1-a7bf099,14596.954911253768
fc92d4e807af473bdd4264ebbf6ec2176bbce70a,2024-05-28,127.0.6507.0,306.6161714180908,128.0a1,344.55114130792015,195 preview,1221.7612085764704,Servo 0.0.1-a7bf099,14621.81267388936
3a4fe00d3b53384d6a81e44d2216ec508142d353,2024-05-29,127.0.6508.0,302.45783808475744,128.0a1,346.75501548101073,195 preview,1223.602034264544,Servo 0.0.1-93785a8,14651.609892418835
c426a4354c319e31dd3efc39652b1192603aab75,2024-05-30,127.0.6511.0,305.7460740565689,128.0a1,345.0984678619632,195 preview,1216.3277918403016,Servo 0.0.1-42061cc,14655.91725570469
a14e908e1fd7c6e848ef60df044af1c040a012d2,2024-05-31,127.0.6512.0,305.63722206612,128.0a1,343.00231401580936,195 preview,1216.9298588347951,Servo 0.0.1-c0dedf0,14624.119655359184
17375f41ccf41e081764d2786ec535dede108c47,2024-06-01,127.0.6512.0,303.8745047514241,128.0a1,353.168980682476,195 preview,1218.7619757850118,Servo 0.0.1-d92c291,14613.140814268472
b71de6ef028f53a4dfa3648533d1ed0ecf56bd1e,2024-06-02,127.0.6516.0,307.67350833438803,128.0a1,354.8076711586664,195 preview,1219.3561247047917,Servo 0.0.1-1f4341e,14598.409437489938
aa48f7fb90a021ace030e486589be3dcdd2c8b2e,2024-06-03,127.0.6518.2,304.678764212673,128.0a1,354.19528667247494,195 preview,1218.9278335348647,Servo 0.0.1-dd2de18,14618.52105025969
9b7244abf05c99c30f8307bd430e7bb9f56800a0,2024-06-04,127.0.6519.0,306.9213131360395,128.0a1,357.03431510748464,195 preview,1216.9546809564492,Servo 0.0.1-2ca6c4b,14550.137005198594
9356da4562e3e1b2310a623281551a7674b75f73,2024-06-05,127.0.6522.0,301.2092452750814,128.0a1,355.1388022869718,195 preview,1218.02090097191,Servo 0.0.1-e73cf03,14566.751533965204
0b8139b52333906c42a7859ef872d5bc95820147,2024-06-06,127.0.6523.0,305.97272135751655,128.0a1,356.390267488437,196 preview,1220.5695279114725,Servo 0.0.1-5f538b8,14571.208652722598
f1f5f35967bfd61053e31fefe19262318193f927,2024-06-07,127.0.6526.0,305.30647428491704,128.0a1,355.79086272653217,196 preview,1224.8548671477313,Servo 0.0.1-5f538b8,14483.363947019681
68f7e630c2646830a3ee274e21a3efcb001fbd65,2024-06-08,127.0.6526.0,303.72272135751655,128.0a1,355.21645796462747,196 preview,1226.6380142897824,Servo 0.0.1-5f538b8,14580.157217031136
68dec4ccf5a60e0a13c1d32e140cfd908ab2ade8,2024-06-09,127.0.6526.0,302.9788189184922,128.0a1,356.57451657268604,196 preview,1229.057923111083,Servo 0.0.1-b178a2b,14494.09458828151
55e466472e80124a3416d6c01731c67b1cb89167,2024-06-10,127.0.6532.0,302.62053317370913,128.0a1,355.12419605986554,196 preview,1228.856951905079,Servo 0.0.1-b178a2b,14556.914244965132
abcbf08a8c814f2c47d056921f73f51deed700a7,2024-06-11,127.0.6533.0,307.8205331737091,129.0a1,356.1733328986365,196 preview,1228.2632733117978,Servo 0.0.1-855f320,14559.894104388128
cecc16187e8129eab6e4d2e35f999efc6fd149df,2024-06-12,128.0.6534.0,307.0578347610107,129.0a1,354.1123438876475,196 preview,1239.9482357609677,Servo 0.0.1-9805779,14512.724916530462
d9fa1f121e5d681aed6940568c2f657bd2afe944,2024-06-13,128.0.6534.0,315.29632950606964,129.0a1,355.36249002237844,196 preview,1231.1444887901052,Servo 0.0.1-b4e41d8,14522.770734197878
6b4402f7dde8fcee5c011c77969abbbbe2081a67,2024-06-14,128.0.6539.0,305.27006389060955,129.0a1,355.6267686250575,196 preview,1240.1254227032869,Servo 0.0.1-0a64181,14503.631144019027
ed9e9309618bdf76de06ff85757edbc8e1d7da82,2024-06-15,128.0.6539.0,303.8806862035045,129.0a1,357.35323717375013,196 preview,1238.473793693915,Servo 0.0.1-bae9f6d,14476.29601600537
7cf0eb5642e6a0d921cc583929933e7357bea874,2024-06-16,128.0.6540.0,310.4920210169385,129.0a1,357.825260983274,196 preview,1239.936220038362,Servo 0.0.1-8eed3b4,14489.606219234227
199cd76bdd2f3fe485fe8214e86692370844a4da,2024-06-17,128.0.6542.0,305.6363894600375,129.0a1,356.6167316792446,196 preview,1232.026826967767,Servo 0.0.1-7982f0d,14534.33788132314
a6587d49b503f8138a9555f8952b174921149538,2024-06-18,128.0.6544.0,308.5897852445808,129.0a1,358.2635393715523,196 preview,1242.1194363330665,Servo 0.0.1-8b35c40,14546.902863903335
6733607a85580814f8eded6861481f737f26c9b8,2024-06-19,128.0.6544.0,306.51838713715705,129.0a1,354.1086367569256,196 preview,1243.457670595456,Servo 0.0.1-79cd87a,14550.80901805393
d2018a9e540d6aef46eee02461882dbb1c432a7c,2024-06-20,128.0.6544.0,308.23358321558845,129.0a1,354.6586367569256,196 preview,1242.3521150399004,Servo 0.0.1-24906e1,14555.835361971102
c76b65f2330ec0327f0385a7b721db0302749da5,2024-06-21,128.0.6550.0,310.15837281857114,129.0a1,354.9133188564353,196 preview,1243.4777463530315,Servo 0.0.1-256c55e,14559.741832960191
f46bf6aa167e2838a8b93501a1a998ffde90d879,2024-06-22,128.0.6551.0,306.11615136479935,129.0a1,353.53431409682696,196 preview,1237.3433740392863,Servo 0.0.1-44064b1,14555.148341034283
f46bf6aa167e2838a8b93501a1a998ffde90d879,2024-06-23,128.0.6551.0,306.11615136479935,129.0a1,355.30395695396993,196 preview,1239.355069945719,Servo 0.0.1-130eef3,14553.032675052316
d91a2290d16d14c60c32be84a0ee2939a692a95c,2024-06-24,128.0.6555.2,306.24115136479935,129.0a1,357.37933272762155,196 preview,1243.0487404946707,Servo 0.0.1-130eef3,14559.1826343495
4298bb7fb5e5008977b2cd14ea5734a877b77db9,2024-06-25,128.0.6556.2,301.34876075990877,129.0a1,348.62260195839076,197 preview,1361.4660387565414,Servo 0.0.1-8121c98,14437.46059314236
e67bfa03fc6a7028cc04178d30e67d46132ef0e0,2024-06-26,128.0.6560.0,299.7056084534356,129.0a1,348.18309193351286,197 preview,1362.130226287562,Servo 0.0.1-6738902,14438.102678013109
639fa536940371f833fbbcc10104e20f435f9777,2024-06-28,128.0.6564.0,308.30092923250766,129.0a1,327.698591017762,197 preview,1248.7253619784292,Servo 0.0.1-574a22a,14823.729628078738
639fa536940371f833fbbcc10104e20f435f9777,2024-06-29,128.0.6564.0,307.30092923250766,129.0a1,329.698591017762,197 preview,1248.7969994053296,Servo 0.0.1-fced0b4,14820.331574194259
564cd562b30436f4d778dcb63991391f65377eeb,2024-07-01,128.0.6570.0,311.4548093723645,129.0a1,328.3526037528665,197 preview,1250.9883005249012,Servo 0.0.1-3a0f564,14846.106426846782
a681c9cf0e9a37b3d5d85e6786af0bcb07d9e68a,2024-07-02,128.0.6572.0,310.514022359938,129.0a1,327.7557370221133,197 preview,1250.8183641693236,Servo 0.0.1-e2e7476,14853.819725624971
61a0206ad33abc50ef12f4f4b5d6cd907dee1ee7,2024-07-03,128.0.6574.0,313.990044887435,129.0a1,327.8091710880473,197 preview,1252.2232227087557,Servo 0.0.1-ad01342,14844.79469650432
8fdaf8c7f08bbc8478b330983823139095ca4070,2024-07-04,128.0.6576.0,311.44577194511777,129.0a1,325.25598989855905,198 preview,1251.4581213157708,Servo 0.0.1-fe58a5f,14849.043777256244
4e3b5de2eb8218cf18a1674618994efeb96e2cc0,2024-07-05,128.0.6578.0,311.79350438152125,129.0a1,329.0604531393294,198 preview,1253.4259207416724,Servo 0.0.1-650af7d,14815.987130552467
4e3b5de2eb8218cf18a1674618994efeb96e2cc0,2024-07-06,128.0.6578.0,311.79350438152125,129.0a1,326.7675959964722,198 preview,1254.0080844843621,Servo 0.0.1-7eac599,14818.55420632867
3202257995f1eb3aaf5a7ace11d56f26beca0136,2024-07-13,128.0.6592.0,315.3605716651856,130.0a1,331.1570564790374,198 preview,1240.3737055895458,Servo 0.0.1-b206a0f,14801.913734565256
3202257995f1eb3aaf5a7ace11d56f26beca0136,2024-07-14,128.0.6592.0,315.42095341171967,130.0a1,331.31321385900185,198 preview,1238.4514833673236,Servo 0.0.1-d667b79,14795.65639353542
51730d822cc28798f78f7500847319642bfd4a59,2024-07-15,128.0.6597.0,312.8852988687469,130.0a1,331.996467387083,198 preview,1241.9412545906173,Servo 0.0.1-d667b79,14790.693702803619
218291890c462da52b710c6dd0f61e991fea4be2,2024-07-16,128.0.6600.0,317.0684767219442,130.0a1,330.86491976803535,198 preview,1239.03902659715,Servo 0.0.1-968474a,14754.543082462866
d121b9701fdc75625079978896f0ddf3e86c4189,2024-07-17,128.0.6602.0,315.27758805388055,130.0a1,331.7759885842766,198 preview,1239.8284379818588,Servo 0.0.1-d5171c0,14796.265047209883
bb4eac96553f7e5bdb37ee96244bbacf3a733aed,2024-07-18,128.0.6603.0,318.3035633722367,130.0a1,332.2639495859305,199 preview,1242.5592559889753,Servo 0.0.1-bc1bf82,14802.419193921553
14a6bb18c7d69f7fc582bbde5b33a46615ac1d6c,2024-07-19,128.0.6606.0,319.2797616928105,130.0a1,332.54405385234185,199 preview,1249.6037118457177,Servo 0.0.1-34eed29,14697.780149173543
7a1c8e0f27cb9b7d407851c8d8bdb1616a1e5506,2024-07-20,128.0.6607.0,319.6507514740622,130.0a1,331.56429671708526,199 preview,1246.6511570368057,Servo 0.0.1-8b3c9b7,14707.046470777403
5af3e9c2a2aba76ade00f0dbc3486e50a74a4506,2024-07-21,128.0.6608.0,315.4169680826569,130.0a1,330.0446538599424,199 preview,1246.5507773813065,Servo 0.0.1-a29e5c8,14705.30307341715
c6521a13edb77582a72593e7215c8a61f398c9c4,2024-07-23,128.0.6613.0,321.8765895769553,130.0a1,330.9517461600342,199 preview,1250.7816551816595,Servo 0.0.1-f6dc35f,14711.584325837946
bc4ee2a313bb58a0a76d7084003010010df01d62,2024-07-24,129.0.6615.0,310.7161944238391,130.0a1,328.8421283591185,199 preview,1253.8482448699267,Servo 0.0.1-2a31e62,14688.951417123557
27c89c6f06af177cbd8f2ba5517be3c110fa50a0,2024-07-25,129.0.6617.0,314.49741358519526,130.0a1,327.69932276733493,199 preview,1250.314586662688,Servo 0.0.1-b6652f8,14694.082390299911
d40148d6ce23962bd33fe90927bbafe8cfa04b34,2024-07-26,129.0.6619.0,312.8536985053279,130.0a1,329.9526350843402,199 preview,1248.5006977737994,Servo 0.0.1-450aebc,14684.092236266004
0043ce4403c4ec48b1d3605e10a140bddfa2a6ce,2024-07-27,129.0.6620.0,315.34108409762655,130.0a1,328.72825359354215,199 preview,1255.411006158013,Servo 0.0.1-bc1c71b,14686.276517045148
47b5098ce13c2927fe2913fb97996783c717ca77,2024-07-28,129.0.6623.0,311.42866358519524,130.0a1,328.66476811636375,199 preview,1256.083228380235,Servo 0.0.1-9f151fa,14676.929010509479
d9c1f9f3de7bb9f6dd0f19c37f6f0c8854dfc709,2024-08-03,129.0.6634.0,311.0249247544855,130.0a1,329.95531365576875,200 preview,1261.0496278043506,Servo 0.0.1-5963695,14646.211807250531
a8a92e16db16da670650dc1f1c44cce7caff23c2,2024-08-04,129.0.6635.0,311.81200064407597,130.0a1,330.75135198811415,200 preview,1259.244440619009,Servo 0.0.1-1e510e8,14640.849697336977
fe903950b44a885ef0c085a004ca6847cbd81e10,2024-08-14,129.0.6656.0,309.69563127142936,131.0a1,333.0105595767863,200 preview,1253.6074188540717,Servo 0.0.1-4744deb,14671.901484048425
8202132c840612f77f41ade1aafc1820e449121f,2024-08-15,129.0.6659.0,311.4216526781573,131.0a1,337.8455051701484,201 preview,1252.3857252866014,Servo 0.0.1-3aef023,14684.195777454275
a3dd44e517c14d1097586b4093261269ee51e6c3,2024-08-16,129.0.6661.0,309.72895696964287,131.0a1,334.2739944969136,201 preview,1254.5266318844772,Servo 0.0.1-a6638c1,14694.075303922726
2389c876fea91022847e1fb0e1b222fb33810693,2024-08-17,129.0.6661.0,309.94288073255944,131.0a1,335.16982783024696,201 preview,1252.66415936394,Servo 0.0.1-4cc1b68,14699.016521178773
2e5fe20c289fc9566ae122acc947aafc322fce4e,2024-08-18,129.0.6665.0,312.2956312714294,131.0a1,336.6697853899286,201 preview,1253.2333099413374,Servo 0.0.1-20273b0,14682.410843134574
35c491477205f3fc43d7b950f125945d2f7d2871,2024-08-19,129.0.6667.0,309.46764744583334,131.0a1,336.9406611635803,201 preview,1255.274756279522,Servo 0.0.1-db31231,14697.23000688059
369bd9b12f66cd8e83cbf9373a7dbed8b6dabbe5,2024-08-20,129.0.6668.6,310.4967028196349,131.0a1,335.8957965081327,201 preview,1255.739093996523,Servo 0.0.1-e078353,14675.511195642299
ccc89019aa2d541d1edf774b023dd48b5487c66e,2024-08-21,130.0.6670.0,308.1883101367887,131.0a1,337.3294057523248,201 preview,1258.2382950121976,Servo 0.0.1-91adf39,14681.341208334985
2773ee25e1db8bc22ca3abfc2f2ecd94b3685bbe,2024-08-22,130.0.6670.0,307.78753233285295,131.0a1,337.1628611857803,201 preview,1254.691717897738,Servo 0.0.1-8e224cb,14687.763362905536
2a3226304a809439fc0ce88f1e4b806f4ce6b91c,2024-08-23,130.0.6670.0,326.3745850550471,131.0a1,336.5807833990922,201 preview,1266.0551316670428,Servo 0.0.1-562d32c,14622.857189392795
d988aeeb33edc4d452899921799b8bed69fff65d,2024-08-24,130.0.6670.0,327.4740996677591,131.0a1,336.97404612487225,201 preview,1249.8987426092533,Servo 0.0.1-e956b53,14628.061467337422
d988aeeb33edc4d452899921799b8bed69fff65d,2024-08-25,130.0.6670.0,3,131.0a1,7,201 preview,6,Servo 0.0.1-2db9032,16501.968101553695
2982bb2d277c0bbcb00c13095559d0667d2420af,2024-08-26,130.0.6680.0,2,131.0a1,7,201 preview,6,Servo 0.0.1-2db9032,16324.636246416962
e78446e34a1921371658a5df08c71d83f50a2a2f,2024-08-27,130.0.6682.0,3,131.0a1,7,201 preview,9,Servo 0.0.1-c028b5c,16508.018822174537
eb331615b0f0c636f4c558a96e97129642f77ca3,2024-08-28,130.0.6684.0,2,131.0a1,7,201 preview,7,Servo 0.0.1-ba4e081,16518.78965550787
7a69b2e3e487c988cf3379ede29b945aecbe3162,2024-08-29,130.0.6685.0,2,131.0a1,7,202 preview,6,Servo 0.0.1-6de7848,16565.385562889962
a6745d222a0e97d8a3cd9a47ffc5f2faf1d72acb,2024-08-30,130.0.6688.0,2,131.0a1,7,202 preview,6,Servo 0.0.1-c69acd1,16572.603433532015
5d8ec746ed021738e7ee0cee92ad1a1814ba00fe,2024-08-31,130.0.6688.0,331.4893878726532,131.0a1,351.8780910759035,202 preview,1222.1033245070143,Servo 0.0.1-13cbcf6,14069.55432342257
04c1ea99877bad31a359ab7a5f681431d5f48a98,2024-09-01,130.0.6690.0,330.66386480479576,131.0a1,354.00658040266876,202 preview,1223.2242028668823,Servo 0.0.1-3acc9ed,14045.807983504026
332a39bf9b0618cab09dd1f1c1ed2cebf8991ec4,2024-09-02,130.0.6694.0,328.1912218677373,131.0a1,351.27146135504967,202 preview,1224.0530930108437,Servo 0.0.1-3453d9f,14047.40801219154
f2010574cd7cf7f721324e30210e60036dbd5623,2024-09-03,130.0.6696.0,327.72737212628437,132.0a1,355.58596310401464,202 preview,1223.2251973330424,Servo 0.0.1-35ca050,14051.17427268359
b68ac84b05db083d4072fb3058e27fb1f0dc56c9,2024-09-04,130.0.6698.0,327.3993279465501,132.0a1,354.5208661169545,202 preview,1222.307407954031,Servo 0.0.1-6c0394b,14050.179003452704
e31406cfd59be1409b19dbbb77a8cf05e16576d4,2024-09-05,130.0.6700.0,328.62185415886995,132.0a1,355.2964613550497,202 preview,1224.579665189898,Servo 0.0.1-6c0394b,14045.192803841139
3af2d6a0442dc93126479ced8af0882b15e7ad23,2024-09-06,130.0.6701.0,328.2539009477323,132.0a1,354.6970565931449,202 preview,1220.2923580135061,Servo 0.0.1-75c7712,14039.37297555603
ec9b870fec350e59e9db48ae2858e914a07f38d6,2024-09-07,130.0.6704.0,329.43125338564647,132.0a1,356.88978641504724,202 preview,1227.649384963487,Servo 0.0.1-ebed921,14043.911517317854
ec9b870fec350e59e9db48ae2858e914a07f38d6,2024-09-08,130.0.6704.0,329.50545315920147,132.0a1,357.9354103062377,202 preview,1230.8411913533919,Servo 0.0.1-152e620,14032.966128880445
9b6507e295ccf5ea01506847706c899050fa6151,2024-09-09,130.0.6708.0,327.77854937647766,132.0a1,358.1208661169545,202 preview,1228.0795721144054,Servo 0.0.1-152e620,14029.296264025066
24199363d2a25d3c1b562c0065ed214cb59ca49b,2024-09-11,130.0.6710.0,333.6961407497986,132.0a1,357.6303899264783,203 preview,1215.529989198406,Servo 0.0.1-f1ad364,14029.488235728917
2432577309abcb0e6d1068cd1fdbac2756596532,2024-09-12,130.0.6714.0,314.8407836069414,132.0a1,355.8770769729044,203 preview,1227.8312020761734,Servo 0.0.1-095590e,14067.036840435705
641306a1f1139d773978b26e0358210b4d25e599,2024-09-13,130.0.6715.0,316.7534820196398,132.0a1,356.20213901072736,203 preview,1236.2257817282275,Servo 0.0.1-6377706,14012.210304496575
4c3d068f942231dc905ea283e4f82bd70801c37c,2024-09-14,130.0.6715.0,316.85298368076934,132.0a1,355.129794688383,203 preview,1241.2745703201106,Servo 0.0.1-03abf77,14013.160861731858
a8c39a102fc211f67dfc4dec645f7cd37538b998,2024-09-15,130.0.6720.0,313.7209757644271,132.0a1,358.08158040266875,203 preview,1240.2969594658048,Servo 0.0.1-6a3cdc4,13977.557246635703
4a6d5cba8f92837181c19cc23af919b96d3e43b2,2024-09-16,130.0.6722.0,316.36159130944213,132.0a1,358.5145176843326,203 preview,1245.4804386079047,Servo 0.0.1-9f2306f,13975.467033160327
17a5786b78d61758cece73aac30ce2ea5909f163,2024-09-17,130.0.6722.0,318.6802716260673,132.0a1,358.2587948548832,203 preview,1239.3559304918201,Servo 0.0.1-9f2306f,13979.169825000241
efc196ab640e35d9663aa91adc20705f2a4920ad,2024-09-18,131.0.6725.0,316.1962364873943,132.0a1,356.83640809222055,203 preview,1247.205153913088,Servo 0.0.1-f8e0fde,13975.250390277095
0a477cb81a95bae2aaa1a494efdce8dd8c5cd6de,2024-09-19,131.0.6727.0,316.2821198425712,132.0a1,357.955756626584,203 preview,1245.0661219665878,Servo 0.0.1-7eda58e,13966.041153519362
5a2cfec4558912fd7896472593d420054ae967ff,2024-09-20,131.0.6729.0,327.2087688640393,132.0a1,357.81978386587224,203 preview,1246.832739892982,Servo 0.0.1-05b2aa2,13955.866319912951
8e164c249d2b93a4234a2710a5e2cc5a16fab499,2024-09-21,131.0.6730.0,326.93155479536904,132.0a1,359.0885506219044,203 preview,1246.982271240584,Servo 0.0.1-457d37d,13951.828740140956
8e164c249d2b93a4234a2710a5e2cc5a16fab499,2024-09-22,131.0.6730.0,329.0421641727465,132.0a1,358.3197614778543,203 preview,1247.094055049445,Servo 0.0.1-24ad2a0,13937.828051359673
4f0be15407bc43827edcdda8bc1b30a3875c9447,2024-09-23,131.0.6735.0,328.87443413504224,132.0a1,356.46927958909447,203 preview,1244.400686017144,Servo 0.0.1-24ad2a0,13952.784038267811
47999dca71ee583c01875e3a8793acd0411c9766,2024-09-24,131.0.6736.0,335.82601984432125,132.0a1,353.4744942195604,203 preview,1249.1557176109777,Servo 0.0.1-d3d6a22,13958.116011973781
4ab21375993d50340f1d05d6743bf5da889caf35,2024-09-25,131.0.6739.0,330.8022575817071,132.0a1,354.63136750118235,203 preview,1251.897005264515,Servo 0.0.1-d3d6a22,13959.278358522339
30fc634d561c33720c78570e8b85a5360fa2faf6,2024-09-26,131.0.6741.0,330.15342254206445,132.0a1,352.3414272659407,203 preview,1251.206005283514,Servo 0.0.1-2c6d9a1,13954.217027214914
dbf4b1c0813c0ff6bb522dd93becc44b2cd2a379,2024-09-27,131.0.6743.0,330.8037467792284,132.0a1,352.3950472573202,203 preview,1258.015875833571,Servo 0.0.1-a97afeb,13953.626265258607
7943e5ec3d34576e69011e20cde825d3c2d64013,2024-09-28,131.0.6744.0,333.6239355349868,132.0a1,354.4792640290384,203 preview,1254.6477438174313,Servo 0.0.1-fa05214,13951.951044898853
03c258eab4bb0dc037d0b3822049cada69a49427,2024-09-29,131.0.6745.0,333.0105745882874,132.0a1,352.34593069570514,203 preview,1255.6534271769278,Servo 0.0.1-c1931ee,13946.914176973523
87eb4ef23c89602c155882f6d6814c44d142c468,2024-09-30,131.0.6749.0,332.1042485740832,133.0a1,352.9413546745798,203 preview,1256.4798436136712,Servo 0.0.1-c1931ee,13942.273178182657
1796ea251db6499e4d41755b412feaea495f2455,2024-10-02,131.0.6753.0,332.3133047401433,133.0a1,351.4363214488305,204 preview,1255.8246342234854,Servo 0.0.1-022a95a,13939.25344718106
a18606c329a8aeb71906b885904a67ed5e7a03e7,2024-10-03,131.0.6755.0,334.17992128681834,133.0a1,351.9130556120425,204 preview,1254.6334554161435,Servo 0.0.1-e534c7d,13933.971619409986
f36843386427263dafecbbc993fc184c09c38239,2024-10-04,131.0.6757.0,334.2272467301865,133.0a1,355.0938696423706,204 preview,1258.8799922671794,Servo 0.0.1-c7a4e4f,13935.071227342924
9448ab31f11e671a8b069e3407b4f6279bea698e,2024-10-05,131.0.6758.0,334.1954710213934,133.0a1,356.32065535665623,204 preview,1249.161248570306,Servo 0.0.1-e1eca71,13952.262901645277
11c69780a675c377b5bb81ed4e862a31ff2d2111,2024-10-06,131.0.6760.0,336.43551536423627,133.0a1,352.5288977286721,204 preview,1252.615059027926,Servo 0.0.1-20eb927,13951.660385423182
f27723cf73a143a0ffea126c01095f4a32238d17,2024-10-07,131.0.6763.0,334.72823864150314,133.0a1,353.8523219531337,204 preview,1256.5183192773768,Servo 0.0.1-20eb927,13954.220677846006
9eab5122732d1b0178b6741d69b84616350cfb92,2024-10-08,131.0.6765.0,327.04390735929934,133.0a1,355.7362990608125,205 preview,1249.1383046433025,Servo 0.0.1-f8933a5,13938.544415283897
98327f00c85266f88ebca52037314cf8ceea6329,2024-10-09,131.0.6767.0,334.835990796238,133.0a1,357.21043187270476,205 preview,1250.4307988935666,Servo 0.0.1-d200557,13951.258514736934
0ca2856475e2d067f7f2523ffb30de965c28d14a,2024-10-10,131.0.6769.0,342.97571031829676,133.0a1,354.86867122967215,205 preview,1249.437104269321,Servo 0.0.1-a2b2701,13952.130255787008
280d04eaabed08d430d12c8af971b0b56f32310f,2024-10-11,131.0.6770.0,346.1541496048565,133.0a1,355.05753113156135,205 preview,1250.630750766687,Servo 0.0.1-0c47201,13961.029924370076
c7076ab2397dd3dcf0bb93dc304d05be04cd2a47,2024-10-12,131.0.6770.0,344.19121572143086,133.0a1,350.7677829532758,205 preview,1249.645194153444,Servo 0.0.1-febe7de,13967.19540525215
c7076ab2397dd3dcf0bb93dc304d05be04cd2a47,2024-10-13,131.0.6770.0,344.19224476327855,133.0a1,354.0570686675615,205 preview,1248.0474817351435,Servo 0.0.1-e5e1ef9,13971.860101823226
39a90c06cb7f6a756ce21543b1cec2f792c3ee08,2024-10-14,131.0.6777.2,342.9136829095827,133.0a1,354.38833542359373,205 preview,1249.7407619067726,Servo 0.0.1-e5e1ef9,13974.070966081443
100f9048d8f8e318e70cc66af3004afaee24f532,2024-10-15,131.0.6778.2,340.6817178602632,133.0a1,352.8998796167749,205 preview,1253.2586190496297,Servo 0.0.1-717baff,13885.386743326797
00e1df7e329f3d11b91d7b2e11a2db63bbd98ef9,2024-10-16,132.0.6780.0,344.7348342263758,133.0a1,354.1613765274424,205 preview,1247.6472102852124,Servo 0.0.1-2f1862a,13877.682434861594
9a1f194b93ab04b266e38facc95fb2a85a54f7e2,2024-10-17,132.0.6781.0,343.6450754912597,133.0a1,354.6625379754278,205 preview,1254.4414828375218,Servo 0.0.1-ed959d7,13899.379980026968
f045090e93242202f84b55fc7e53542b80f2fe32,2024-10-18,132.0.6784.0,348.11696589976077,133.0a1,354.89761632223906,205 preview,1216.5540742038686,Servo 0.0.1-fc56926,13882.540399784633
5a9d9349a312e12a950d5f4703cd41609a06f242,2024-10-19,132.0.6786.0,344.89094449303286,133.0a1,354.1693386375201,205 preview,1235.0415300557745,Servo 0.0.1-41fd39a,13933.179622695176
5a9d9349a312e12a950d5f4703cd41609a06f242,2024-10-20,132.0.6786.0,345.8927302073186,133.0a1,353.6496957803772,205 preview,1234.9993731930292,Servo 0.0.1-a008b6f,13931.480440440926
1059422a6efdd73dfa6f097a72020766d26ce018,2024-10-21,132.0.6790.0,346.12558094494597,133.0a1,352.38092902434505,205 preview,1236.0524392921043,Servo 0.0.1-a008b6f,13936.413319070365
517a9605e5e07afe4eda71d3f00399e1b3b0bfe1,2024-10-22,132.0.6791.0,345.99196589976077,133.0a1,352.24876476694624,205 preview,1236.1338398332834,Servo 0.0.1-4d11b2d,13938.69745163819
b8c2618da54e77ddb48936d0e333c03ec96f9811,2024-10-23,132.0.6793.0,352.2361303692743,133.0a1,354.83269333837484,206 preview,1229.5845083685979,Servo 0.0.1-ebfea9b,13925.332683603236
88831ee6202f4f23bc0e5601fd359de2ffe063f2,2024-10-24,132.0.6794.2,349.69420616498917,133.0a1,359.63650361249887,206 preview,1227.9795420676658,Servo 0.0.1-6fdd5ce,13900.279104019026
8be9ad55c941b65de8bc725fdc72eabca737ba43,2024-10-25,132.0.6797.0,348.30950371112726,133.0a1,355.7665463802763,206 preview,1229.149705323945,Servo 0.0.1-d74b078,13906.696929806694
73d6bd0d61f0ad5341d0c2303a7638e3aa12a594,2024-10-26,132.0.6799.0,343.6170626472106,133.0a1,357.87521996860653,206 preview,1230.3314114244743,Servo 0.0.1-f05f1b3,13908.263902797733
73d6bd0d61f0ad5341d0c2303a7638e3aa12a594,2024-10-27,132.0.6799.0,343.6170626472106,133.0a1,358.6020056828923,206 preview,1231.5420240641015,Servo 0.0.1-f05f1b3,13906.990178521144
4557743c7dc20f3ef9f042e575d89e72dd330a93,2024-10-28,132.0.6804.0,343.1666561431456,133.0a1,358.3680771114637,206 preview,1230.9908553649143,Servo 0.0.1-f05f1b3,13908.913570373668
a1d1d39e2cae42be8423d314d386e3ed4d4c3402,2024-10-29,132.0.6806.0,345.7656347364178,134.0a1,354.41867234955896,206 preview,1233.7299655243105,Servo 0.0.1-10aa485,13886.637187388334
59f42dd9cc1aefa9b7f845c1cecf6625441a1383,2024-10-30,132.0.6808.0,348.63055721703785,134.0a1,356.3127199686066,206 preview,1233.4649163147042,Servo 0.0.1-a501572,13899.80223102524
6c7c4003dba847b63e16083a0b7b8f473d9ad7e1,2024-10-31,132.0.6810.0,144.43288440762373,134.0a1,108.96360458071764,206 preview,301.9354418102258,Servo 0.0.1-bac1101,24981.02770747019
b4899d9818c981543ca844554733a576a1f37ece,2024-11-01,132.0.6812.0,345.5180215664575,134.0a1,357.2374141045272,206 preview,1235.815794125405,Servo 0.0.1-62c7951,13888.404895521166
d2f2efe271ae2fa661c52ed2fe8564e21ad4036f,2024-11-02,132.0.6813.0,346.03806429291535,134.0a1,357.85129448241565,206 preview,1237.9299605553012,Servo 0.0.1-0d7fa75,13777.870829063535
a396ad103b076a2df5e5f7c57f95986a45c961be,2024-11-03,132.0.6814.0,342.3174292684877,134.0a1,356.1367279051145,206 preview,1238.6984605663501,Servo 0.0.1-a3fda38,13781.152135128088
71bc66fcf1f521e9142d6382f602eead8d11f5fa,2024-11-04,132.0.6817.0,343.9074393770448,134.0a1,354.82193791405103,206 preview,1238.0188653855262,Servo 0.0.1-b22c077,13782.159603677888
1b56d89a261b86dedfd2854b53c1732e435f1f57,2024-11-05,132.0.6821.0,345.54748224897867,134.0a1,353.6254700494564,206 preview,1237.6784443858933,Servo 0.0.1-5d1d3d6,13765.410782468916
877d18df86bb73b9b0f591eb0a56f38206d4b185,2024-11-06,132.0.6823.0,345.93841794680844,134.0a1,353.740601447751,206 preview,1238.7854296800108,Servo 0.0.1-537958a,13752.558124431313
4537d926e08354da3b10beb278a38fdedfa13137,2024-11-07,132.0.6824.0,345.9748632013596,134.0a1,354.7617081540762,206 preview,1247.0132074577887,Servo 0.0.1-756c249,13736.883893815588
7b542308b66f77878714f851a8baac291ee2a39e,2024-11-08,132.0.6827.0,349.60458520746204,134.0a1,353.01695124726353,207 preview,1241.9116389620497,Servo 0.0.1-48d193c,13743.117445761569
8686b7a6d288d3b2c22b5ddb5a21773619b22b85,2024-11-09,132.0.6827.0,352.42130434444664,134.0a1,352.8334280122323,207 preview,1241.0045368081392,Servo 0.0.1-4f6283d,13745.75082350575
b6fb1078b99e2afb42f587d06712b1901e303a5f,2024-11-10,132.0.6829.0,349.2731821877176,134.0a1,365.9240941044064,207 preview,1256.9251240718534,Servo 0.0.1-da462d0,13613.410849321303
47ce54c6931efcac7e98a933363fdf097b0b1085,2024-11-11,132.0.6832.0,352.26851052137107,134.0a1,365.94286086043854,207 preview,1255.528909854459,Servo 0.0.1-dcb9058,13602.10648051841
2b25844f7ef4ca0940d13daa9502a465b0681c25,2024-11-12,132.0.6834.0,351.76371167191263,134.0a1,366.04821800329574,207 preview,1260.7833693292257,Servo 0.0.1-72971bd,13609.698475487587
152ce7bb8a35f2556fbdee5a6021edab69709ba5,2024-11-13,133.0.6835.0,353.6265474092444,134.0a1,368.05484009298004,207 preview,1256.278007773941,Servo 0.0.1-8801698,13614.832036503216
d0fa23bcb3d6c3d73f6bd3e65608f715b9169025,2024-11-14,133.0.6837.0,351.6468179959561,134.0a1,370.58135101121906,207 preview,1261.3917903232616,Servo 0.0.1-5e7664b,13608.926210104524
a6ab90e6d1652a7d2280796961a802c259027834,2024-11-15,133.0.6838.0,352.7084518082043,134.0a1,371.0336410022825,207 preview,1257.109589604149,Servo 0.0.1-3fd1a22,13602.287629973505
6cf69a4f431581e9438681abc776029308ee8a8c,2024-11-16,133.0.6838.0,351.39755887815187,134.0a1,371.96070757958364,207 preview,1260.5739113571603,Servo 0.0.1-495cceb,13603.86829138523
577bbc90555b690f61071a2a42853d14c98c3b25,2024-11-17,133.0.6842.0,347.43711972674794,134.0a1,372.3622124308539,207 preview,1257.1266297535421,Servo 0.0.1-ee63174,13599.087358889283
d639d949a473d412a3557eab71eba43a58420f3f,2024-11-18,133.0.6844.0,351.58918573349393,134.0a1,372.9786556837583,207 preview,1261.1210927297095,Servo 0.0.1-dca33f6,13572.673446140418
a31f0188c9e7c806f98101707ad2bdf11f56234d,2024-11-19,133.0.6847.0,351.55868924280674,134.0a1,373.13423624037773,207 preview,1256.360545263856,Servo 0.0.1-f71f38b,13577.64884144495
f7ae3a9bb320a9f5f253cba0b73e5f1a2d8ad377,2024-11-20,133.0.6848.0,351.29910157398814,134.0a1,373.86963615101223,207 preview,1270.3673579024453,Servo 0.0.1-caf2467,13565.656034191135
53c06dc624d2e8ed7c2de69710183a5fc0e6c9b1,2024-11-21,133.0.6850.0,353.72680566138644,134.0a1,373.7884307567234,208 preview,1265.2344531545227,Servo 0.0.1-c73e4ba,13611.524615285012
c27cc4faeeb1b4b5ce7f98e29a7f4aba5d6ac6ac,2024-11-22,133.0.6853.0,355.724197533129,134.0a1,373.1660951170936,208 preview,1264.066185764823,Servo 0.0.1-527e2d4,13604.41159092435
6d461cc41e1a9951e1991a94f651e389b0ca24ba,2024-11-23,133.0.6853.0,357.92616760723723,134.0a1,370.2004607634408,208 preview,1263.4667016378394,Servo 0.0.1-67012a5,13597.507607654796
6d461cc41e1a9951e1991a94f651e389b0ca24ba,2024-11-24,133.0.6853.0,356.92616760723723,134.0a1,370.70641314439314,208 preview,1266.0467286283927,Servo 0.0.1-9542466,13604.887778352722
44ca82590d7bc43450ec56979327e7935fbff30e,2024-11-25,133.0.6859.0,360.2952152262849,134.0a1,370.9355798110598,208 preview,1268.0110143426782,Servo 0.0.1-9542466,13608.32130052814
d6ea893fddc33c9215d0a1c9b06066ff6a4d1bba,2024-11-26,133.0.6860.0,356.40238216183894,135.0a1,370.32962743010745,208 preview,1265.8105195785774,Servo 0.0.1-c11e0e8,13591.528062067042
6ad7a2e30f54e5f2a6e766e5e717b2c5ceeb5d99,2024-11-27,133.0.6863.0,355.917033894918,135.0a1,370.62278378489015,208 preview,1266.8852776610086,Servo 0.0.1-63793cc,13602.888884792608
bc6fbf467e196c4f03484768c494284c8a9c3dd4,2024-11-28,133.0.6865.0,356.3948538362603,135.0a1,371.3140545424455,208 preview,1271.0734157420452,Servo 0.0.1-d65a2e9,13593.89131694346
643af85eb6c918e4a78ab91ad213a5421098a328,2024-11-29,133.0.6866.0,356.1444753611708,135.0a1,372.41407862722394,208 preview,1270.96617308635,Servo 0.0.1-9168375,13604.398435770767
76dfa54e5df7f8cee7501cc6d598cf647c2b8564,2024-11-30,133.0.6868.0,354.7291682401573,135.0a1,370.62955481770007,208 preview,1269.6627674605306,Servo 0.0.1-16da1c2,13593.258731485877
76dfa54e5df7f8cee7501cc6d598cf647c2b8564,2024-12-01,133.0.6868.0,354.74877608329456,135.0a1,372.4295548177001,208 preview,1267.7428328200078,Servo 0.0.1-096439b,13594.050117802068
7383af05e1b7c45a0d1c051cf75ee82ffada7fd1,2024-12-02,133.0.6873.0,353.3258246713127,135.0a1,373.34412139500125,208 preview,1271.6426722965289,Servo 0.0.1-096439b,13602.54501375363
48178346fe87222856812842fb7af7b01baa1530,2024-12-03,133.0.6875.0,355.4360777743888,135.0a1,373.4744785378584,208 preview,1267.753547791049,Servo 0.0.1-e9c7c04,13589.920862338062
79ce401809a5531e21e197481125ed26cfb3b994,2024-12-04,133.0.6877.0,356.8594464540892,135.0a1,373.8265786272239,208 preview,1268.002359250592,Servo 0.0.1-ad448da,13584.075706811862
79bdb1b12acd159e80b2186b3180d459734ba999,2024-12-05,133.0.6879.0,356.7408184157239,135.0a1,371.89719254831806,209 preview,1267.9199428234338,Servo 0.0.1-9028c8c,13578.928380738764
7b6f075f0ec3c52d92c61fb9f35ce0ec927b17b2,2024-12-06,133.0.6881.0,357.45995831719586,135.0a1,371.4790514945997,209 preview,1271.3496287861522,Servo 0.0.1-97f486a,13604.567624210142
7b6f075f0ec3c52d92c61fb9f35ce0ec927b17b2,2024-12-07,133.0.6881.0,356.79329165052917,135.0a1,371.89988482793296,209 preview,1270.6653221915165,Servo 0.0.1-61ca2dd,13596.364809426086
5741daf1cb7b2654f5c2bb0520f9f3d9e5d4cfb0,2024-12-10,133.0.6887.4,357.61572157123493,135.0a1,374.9286727067208,209 preview,1271.7542226932721,Servo 0.0.1-af8f35f,13584.293480286608
92db8211bacc6ccb33f5b3aa86f12ddd1cbb2283,2024-12-11,133.0.6888.0,353.34517426403966,135.0a1,369.7286727067209,209 preview,1272.6763361888975,Servo 0.0.1-2f64dde,13598.413717063098
26b18ca2ebabc7e74d3b84c82542187cddbc29ed,2024-12-12,133.0.6891.0,357.6905195241363,135.0a1,367.1244556818715,209 preview,1265.8479719957234,Servo 0.0.1-2f64dde,13619.776461661597
8f41c4f07f63f94c22109042a1a19dc31848375f,2024-12-13,133.0.6893.0,356.10589837728946,135.0a1,371.92552362194243,209 preview,1266.1682055815818,Servo 0.0.1-84c59e0,13594.225929040602
38623a53d6598cb7aab4be8a810102b352a652df,2024-12-14,133.0.6895.0,355.46979604161015,135.0a1,370.63059047449815,209 preview,1267.1339271772379,Servo 0.0.1-53612da,13591.16548541132
38623a53d6598cb7aab4be8a810102b352a652df,2024-12-15,133.0.6895.0,360.46979604161015,135.0a1,370.60975714116483,209 preview,1266.4259655370877,Servo 0.0.1-41030ea,13600.12182842968
0a38a00cca204ffe25f1275761fceb5de7e0ce36,2024-12-16,133.0.6900.0,359.6364627082769,135.0a1,372.2139238078315,209 preview,1264.6913029810885,Servo 0.0.1-41030ea,13584.578290679705
441d9bfafda626484b081e3cd4964489e9608ca2,2024-12-17,133.0.6902.0,355.09554047094707,135.0a1,373.1017140981329,209 preview,1265.7448000506974,Servo 0.0.1-a37a9f6,13608.266282673196
275b74eb2a400892080a249bcfc786e301124d01,2024-12-18,133.0.6904.0,355.2769407312686,135.0a1,373.13632886897426,209 preview,1263.7557901784555,Servo 0.0.1-a37a9f6,13613.73886515627
87fa63514d61ba0aa4c3be23cacac43be48e5806,2024-12-19,133.0.6905.0,360.8686491866389,135.0a1,376.1088810400542,210 preview,1277.494098438725,Servo 0.0.1-4ddcba2,13575.571974625575
482f155ad08b0fea2ff0397ca00a7e71547df84a,2024-12-20,133.0.6907.0,358.0750869548792,135.0a1,377.0547143733876,210 preview,1276.030432370505,Servo 0.0.1-4ddcba2,13587.794632814084
979291d49c1a8e3d811df117d9e6b5d399a6deb2,2024-12-21,133.0.6909.0,361.0417974753177,135.0a1,375.94725714116487,210 preview,1278.1305944278774,Servo 0.0.1-61bfd2f,13568.317369101647
dda5022b5f143e3ea4d82800ae2e9a2e98374e40,2024-12-22,133.0.6911.0,360.99612203911374,135.0a1,373.62344761735534,210 preview,1282.1440200997806,Servo 0.0.1-1d5aac8,13577.550469401871
32f43fa72ba90b4269b5c485909210761cb70b20,2024-12-23,133.0.6914.0,360.5832621621919,135.0a1,374.9970672394669,210 preview,1284.5754124283822,Servo 0.0.1-1157fa2,13582.84874592842
6efc8afc8a0e1ad401005fac848098b7759e62fa,2024-12-24,133.0.6915.0,360.0763955067025,135.0a1,376.09221437338755,210 preview,1281.5118212534753,Servo 0.0.1-2ab66ce,13601.879375024391
e8ba63bc89b804dda46d77a70bd81ec349248138,2024-12-25,133.0.6916.0,359.399004979446,135.0a1,378.9883285697363,210 preview,1280.976459009567,Servo 0.0.1-3a89163,13594.436242676262
8dec23b17f1ca6b3e9cf721d0676ac9f7bc94121,2024-12-26,133.0.6919.0,360.2430621733692,135.0a1,377.92221698571774,210 preview,1281.1898225066082,Servo 0.0.1-1e95712,13591.592347422924
fe46e85bef1394a0ea95460fa25c9cbe1207cecf,2024-12-27,133.0.6921.0,358.38318016746945,135.0a1,377.5588810400542,210 preview,1286.5457102847777,Servo 0.0.1-5f927a2,13585.514273038476
8fcb1f1e9519117f68699b8257c6b79d0f6e70e8,2024-12-28,133.0.6922.0,358.97420670431615,135.0a1,379.55261428402207,210 preview,1287.1711123315613,Servo 0.0.1-08a3e61,13580.556058136028
8fcb1f1e9519117f68699b8257c6b79d0f6e70e8,2024-12-29,133.0.6922.0,358.9704335508746,135.0a1,378.4692809506887,210 preview,1286.3769602847779,Servo 0.0.1-a9539d8,13579.449128809985
266b8380a7bab5a1e3e10b6845cfeb7191fcfad9,2024-12-30,133.0.6927.0,363.3070478748883,135.0a1,377.9253242929586,210 preview,1282.5719007609682,Servo 0.0.1-a9539d8,13580.92392483833
58c1148991566b4b3454edac0f9a8e11010e20b2,2024-12-31,133.0.6929.0,358.60180201076747,135.0a1,378.01602389719704,210 preview,1284.9870157842988,Servo 0.0.1-1296c71,13583.55920995249
